product_name,quantity,nutrition-score-fr_100g,nutriscore_score,nutriscore_grade,brands,origins,ingredients_text,countries,labels,energy-kcal_100g,fat_100g,saturated-fat_100g,carbohydrates_100g,sugars_100g,sodium_100g,additives,vitamin-c_100g,nova_group,pnns_groups_1,pnns_groups_2
Innocent pur jus de fruit press√© 100% orange sanguine de sicile,0,4.0,4.0,c,Innocent,0,0,France,0,46.0,0.2,0.1,11.0,9.5,0.0,0.0,0.042,0.0,Beverages,Fruit juices
Pur jus d'oranges,0,2.0,2.0,c,0,0,0,France,0,37.0,0.1,0.0,8.3,7.8,0.0,0.0,0.0,0.0,Beverages,Fruit juices
Pur jus orange clementine raisin blanc,0,-1.0,-1.0,b,0,0,0,France,0,52.0,0.2,0.0,12.0,0.5,0.012,0.0,0.0,0.0,Beverages,Fruit juices
jus d'orange sans pulpe,1 litre,3.0,3.0,c,lidl,Espagne,0,France,"Sans colorants, Sans conservateurs",0.0,0.06,0.02,9.0,9.0,0.008,0.0,0.02,0.0,Beverages,Fruit juices
100%pur jus d orange,0,4.0,4.0,c,0,0,0,France,0,44.0,0.5,0.1,10.0,10.0,0.0,0.0,0.0,0.0,Beverages,Fruit juices
100% pur jus d'orange,1 l,1.0,1.0,b,tous les jours sont BIO,Ingredient issu de l'AB,Pur jus d'orange,France,"Bio, Bio europ√©en, FR-BIO-01 ",34.0,0.0,0.0,8.6,8.6,0.0,0.0,0.0,1.0,Beverages,Fruit juices
100% pur jus d'orange,0,4.0,4.0,c,0,0,0,France,0,44.0,0.5,0.0,11.0,10.0,0.004,0.0,0.0,0.0,Beverages,Fruit juices
innocent pur jus d'orange sans pulpe,"1,5L",2.0,2.0,c,Innocent,0,19 oranges press√©es 100%,France,0,36.0,0.13,0.1,7.8,7.8,0.004,0.0,0.022,0.0,Beverages,Fruit juices
Pur jus d'orange,0,2.0,2.0,c,0,0,0,France,0,39.0,0.0,0.0,9.4,8.7,0.0,0.0,0.0,0.0,Beverages,Fruit juices
Pur jus orange de Gr√®ce,0,1.0,1.0,b,0,0,0,France,Bio ,34.0,0.0,0.0,8.6,8.6,0.0,0.0,0.0,0.0,Beverages,Fruit juices
jus d'orange,75cl,5.0,5.0,c,tropicana,bio,FORMATIONS POUR POUR TRƒ∞TIONELLES 100ml 200ml(xy Energe 208k 416k,France,"Bio, Agriculture non UE, Agriculture UE, Agriculture UE/Non UE, Sans sucre ajout√© ",49.0,0.0,0.0,10.8,10.8,0.0,0.0,0.0,0.0,Beverages,Fruit juices
Brique jus d'orange,0,3.0,3.0,c,Lidl,0,0,France,Point Vert,38.0,0.01,0.01,9.1,9.1,0.004,0.0,0.0,0.0,Beverages,Fruit juices
Pur jus d'orange sanguine de Sicile press√©e avec pulpe,0,4.0,4.0,c,Leader Price,0,0,France,0,47.0,0.0,0.0,11.5,10.0,0.0,0.0,0.0,0.0,Beverages,Fruit juices
Pour jus 100% orange sans pulpe,2L,3.0,3.0,c,Paquito,0,0,France,Sans sucre ajout√©,45.0,0.5,0.1,10.1,8.8,0.004,0.0,0.0,0.0,Beverages,Fruit juices
Pur jus orange avec pulpe,0,4.0,4.0,c,Auchan,0,0,France,0,44.0,0.1,0.0,10.0,9.5,0.012,0.0,0.0,0.0,Beverages,Fruit juices
Bio 100% pur jus oranges press√©es,0,3.0,3.0,c,0,0,0,France,Bio ,43.0,0.1,0.0,9.4,9.4,0.0,0.0,0.0,0.0,Beverages,Fruit juices
jus d'orange  üíØ% fruits press√©s,1L,12.0,12.0,e,joker,0,A,France,"Nutriscore, Nutriscore C",42.0,0.0,0.0,8.6,8.6,0.005,0.0,0.0,0.0,unknown,unknown
Pur jus orange du Br√©sil,0,2.0,2.0,c,0,0,0,France,0,42.0,0.1,0.0,9.4,8.7,0.012,0.0,0.0,0.0,Beverages,Fruit juices
Pur jus orange,0,-10.0,-10.0,b,0,0,0,France,"Sans conservateurs, Sans additifs",0.0,0.0,0.0,0.0,0.0,0.0,0.0,0.0,0.0,Beverages,Fruit juices
Trimm jus d'orange,0,14.0,14.0,e,Trimm,0,"Jus d orange Teneur en fruits : 100 % Sans colorant, ni conservateurt conform√©ment √† la r√©glementation",France,"Sans colorants, Sans conservateurs",48.0,0.2,0.0,11.0,9.9,0.0,0.0,0.0,0.0,Beverages,Unsweetened beverages
Bio pur jus orange orange clementine et raisin blanc,1litre,1.0,1.0,b,solevita,Union europ√©enne,"50% jus d'orange, 40% jus de cl√©men - tine, 10% jus de raisin blanc. Produits issus de l'agriculture biologique. Contient des sucres naturellement pr√©sents. Agiter avant d'ouvrir et servir frais.",France,"Bio, Bio europ√©en, FR-BIO-01, Sans sucre ajout√©, 01 ",46.8,0.5,0.1,11.0,11.0,0.004,0.0,0.0,0.0,unknown,unknown
Pur jus d'orange,0,4.0,4.0,c,0,0,0,France,0,45.0,0.5,0.0,10.0,10.0,0.0,0.0,0.0,0.0,Beverages,Fruit juices
Pur jus d'orange,1 l,3.0,3.0,c,Solevita,0,Jus d'orange issu de l'agriculture biologique.,France,"Bio, Bio europ√©en, Agriculture UE, FR-BIO-01, AB Agriculture Biologique, en:ab-bio-100 ",39.0,0.0,0.0,9.2,9.2,0.0,0.0,0.02,1.0,Beverages,Fruit juices
100% pur jus d'orange,0,3.0,3.0,c,Leader Price,0,0,France,0,42.0,0.0,0.0,10.0,9.5,0.0,0.0,0.0,0.0,Beverages,Fruit juices
Pur jus d'orange sanguine de Sicile avec pulpe,0,4.0,4.0,c,Leader Price,0,0,France,0,47.0,0.0,0.0,11.5,10.0,0.0,0.0,0.0,0.0,Beverages,Fruit juices
pur jus d'orange bio,0.75cl,6.0,6.0,d,paquito,0,INFORMATIONS cons√©rver √† l'abri de l√† chaleur et de l'humid,France,"Bio, Bio europ√©en, AB Agriculture Biologique ",187.0,0.5,0.1,8.7,8.7,0.004,0.0,0.02,0.0,Beverages,Fruit juices
Boisson aux jus d'orange et de citron,"0,2 L",11.0,11.0,e,Fruima,0,"Eau, jus d'orange √† base de concentr√© 18%, sucre, jus de citron √† base de concentr√© 2%, ar√¥me naturel d'orange, antioxydant : acide ascorbique.",France,"en:FSC, FSC Mix, FSC C105544 ",35.0,0.5,0.1,8.2,8.2,0.004,0.0,0.0,4.0,Beverages,Sweetened beverages
100% pur jus orange,2 l,2.0,2.0,c,FRUIMA,0,Jus d'orange,France,0,41.0,0.5,0.0,9.4,8.7,0.004,0.0,0.02,1.0,Beverages,Fruit juices
Pur jus d orange,1litre,4.0,4.0,c,Pur jus,0,0,France,"Bio, Bio europ√©en, AB Agriculture Biologique, Fabriqu√© en France ",47.0,0.5,0.5,11.0,9.5,0.0,0.0,0.0,0.0,Beverages,Fruit juices
"Pur jus de cl√©mentine, orange et raisin blanc",1 L,7.0,7.0,d,FRUIMA,0,"Jus de cl√©mentine 50%, orange 40% et raisin 10%.",France,Eco Emlballages,53.0,0.0,0.0,13.0,13.0,0.0,0.0,0.0,1.0,Beverages,Fruit juices
Pur jus d'orange,0,4.0,4.0,c,Gilbert,0,0,France,0,45.0,0.0,0.0,9.3,9.3,0.0,0.0,0.0,0.0,Beverages,Fruit juices
100% pur jus d orange,0,3.0,3.0,c,0,0,0,France,Sans sucre ajout√©,46.0,0.5,0.1,11.0,8.0,0.004,0.0,0.0,0.0,Beverages,Fruit juices
Pur jus d'orange fra√Æchement press√©,0,3.0,3.0,c,0,0,0,France,0,48.0,0.1,0.0,11.0,9.0,0.0,0.0,0.0,0.0,Beverages,Fruit juices
Pur jus d'orange BIO,0,3.0,3.0,c,0,0,0,France,Bio ,43.0,0.18,0.0,9.2,9.2,0.002,0.0,0.0,0.0,Beverages,Fruit juices
Bio 100% Pur jus orange sanguines,0,3.0,3.0,c,Andros,0,0,France,Bio ,42.0,0.0,0.0,10.0,10.0,0.0,0.0,0.0,0.0,Beverages,Fruit juices
Pur jus orange sans pulpe,0,3.0,3.0,c,0,0,0,France,0,42.0,0.0,0.0,10.0,9.4,0.012,0.0,0.0,0.0,Beverages,Fruit juices
jus orange sans pulpe,1 l,3.0,3.0,c,Andros,0,Jus d'orange,France,"Sans sucre ajout√©, Sans colorants, Sans conservateurs",40.0,0.1,0.0,9.1,9.1,0.004,0.0,0.0,1.0,Beverages,Fruit juices
100% pur jus oranges press√©es,0,5.0,5.0,c,Andros,0,0,France,"Sans sucre ajout√©, Sans colorants, Sans conservateurs",49.0,0.1,0.0,11.0,11.0,0.0,0.0,0.0,0.0,Beverages,Fruit juices
100% pur jus d'orange sans pulpe,1 L e,3.0,3.0,c,Joker,0,"Jus d'orange, vitamine C, vitamine B9.",France,"Point Vert, Fabriqu√© en France, Sans conservateurs, Pur jus, Source de vitamine B9, Source de vitamine C",44.0,0.0,0.0,9.4,8.7,0.0,0.0,0.045,1.0,Beverages,Fruit juices
Pur jus de fruit d'orange sans pulpe,4 L (2 x 2 L),3.0,3.0,c,Joker,produit conditionn√© en France,"jus d'orange, vitamines : C, B9.",France,"en:FSC, Sans conservateurs, Pur jus ",0.0,0.0,0.0,9.4,8.7,0.0,0.0,0.045,1.0,Beverages,Fruit juices
Le pur jus velours orange,1 l,4.0,4.0,c,Joker,Europe,"Jus d'orange (80%), raisin; pulpe d'orange (6%); pur√©es de pomme, p√™che; vitamine C.",France,"en:European Fruit Juice Control System, Fabriqu√© en France, Sans conservateurs ",46.0,0.0,0.0,10.1,9.5,0.0,0.0,0.04,1.0,Beverages,Fruit juices
Le Pur Jus Duo jus d'orange et orange sanguine press√©es,1 L,3.0,3.0,c,Joker,0,"Jus orange 95 %, jus d'orange sanguine, vitamine C.",France,"Point Vert, Fabriqu√© en France, Sans sucre ajout√©, Sans conservateurs",44.0,0.0,0.0,9.4,8.7,0.0,0.0,0.045,1.0,Beverages,Fruit juices
Le pur jus duo orange-mandarine,0,4.0,4.0,c,Joker,0,"Jus d'orange 50 %, jus de mandarine",France,0,47.0,0.0,0.0,10.5,10.2,0.0,0.0,0.0,1.0,Beverages,Unsweetened beverages
Le Pur jus - Sans pulpe Jus d'orange,2 L,3.0,3.0,c,Joker,0,"jus d'orange, vitamines : C, B9.",France,"en:FSC, Sans conservateurs, Pur jus ",44.0,0.0,0.0,9.4,8.7,0.0,0.0,0.045,1.0,Beverages,Fruit juices
jus d'orange sans pulpe,0,3.0,3.0,c,Joker,0,0,France,0,44.0,0.0,0.0,9.4,8.7,0.0,0.0,0.0,0.0,Beverages,Fruit juices
Jus d'orange avec pulpe √† base de jus concentr√©.,0,2.0,2.0,c,Joker,0,Jus d‚Äôorange √† base de jus concentr√© ; pulpe d‚Äôorange (3%) ; vitamines : C.,France,"Fabriqu√© en France, Sans sucre ajout√©, Sans colorants, Nutriscore, Nutriscore C",42.0,0.0,0.0,8.9,8.2,0.0,0.0,0.0,1.0,Beverages,Fruit juices
Le pur jus JOKER orange cl√©mentine,0,14.0,14.0,e,joker,0,0,France,0,47.0,0.0,0.0,10.5,10.199999809265,0.0,0.0,0.0,0.0,unknown,unknown
Le pur jus d'orange sans pulpe,0,3.0,3.0,c,Joker,0,0,France,0,44.0,0.0,0.0,9.4,8.7,0.0,0.0,0.0,0.0,Beverages,Fruit juices
Joker le pur jus orange du matin 1L,1litre,4.0,4.0,c,Joker le pur jus,Br√©sil,0,France,"Sans sucre ajout√©, Sans colorants, Sans conservateurs",47.0,0.0,0.0,9.8,9.5,0.004,0.0,0.0,0.0,Beverages,Fruit juices
Jus d'orange avec pulpe √† base de jus concentr√©.,0,2.0,2.0,c,Joker,0,0,France,"Nutriscore, Nutriscore C",42.0,0.0,0.0,8.7,8.7,0.004,0.0,0.0,0.0,Beverages,Fruit juices
Pur jus orange carotte citron et eau de coco,0,1.0,1.0,b,Joker,0,0,France,"Nutriscore, Nutriscore B",36.0,0.0,0.0,7.4,7.2,0.02,0.0,0.0,0.0,Beverages,Fruit juices
Pur jus orange mandarine,1 L,1.0,1.0,b,Joker,0,"Jus d'orange 58%, eau de coco 25%, jus de mandarine 14%, pulpe d'orange 3%.",France,0,37.0,0.0,0.0,7.5,7.4,0.02,0.0,0.0,1.0,Beverages,Fruit juices
Pur jus d'oranges press√©es,900 ml,2.0,2.0,c,Tropicana,0,0,France,0,41.0,0.0,0.0,9.3,8.4,0.0,0.0,0.0,0.0,Beverages,Fruit juices
Pur jus Bio mandarine orange raisin,0,4.0,4.0,c,Tropicana,0,0,France,"Organic, EU Organic , fr:ab-agriculture-biologique",47.0,0.0,0.0,11.0,10.0,0.0,0.0,0.0,0.0,Beverages,Fruit juices
Nectar d'orange √† base de jus concentr√© Teneur en fruits : 55 % minimum,2 l,10.0,10.0,e,Casino,0,"Jus d'orange √† base de jus d'orange concentr√© 55% (dont 1,5% de pulpe) - eau - sucre - concentr√© de jus de citron - antioxydant : acide ascorbique",France,"Point Vert, Sans colorants, Sans conservateurs, Eco-Emballages, Elabor√© en France, Teneur en fruits 55¬†% minimum",40.0,0.0,0.0,10.0,9.0,0.0,0.0,0.0,3.0,Beverages,Sweetened beverages
Nectar orange p√™che abricot √† base de jus et de pur√©es de fruits concentr√©s Teneur en fruits : 51% minimum,1 l,13.0,13.0,e,Casino,0,Jus et pur√©es de fruits √† base de concentr√©s 51% (orange 30% - p√™che 13% - abricot 8%) - eau - sucre - antioxydant : acide ascorbique.,France,0,48.0,0.0,0.0,12.0,11.0,0.0,0.0,0.0,3.0,Beverages,Sweetened beverages
100% pur jus cl√©mentine raisin blanc orange,1 l,7.0,7.0,d,Casino,0,"Jus de cl√©mentine, jus de raisin blanc, jus d'orange.",France,"Point Vert, Aucun",52.0,0.0,0.0,13.0,13.0,0.0,0.0,0.0,1.0,Beverages,Fruit juices
100% pur jus d'orange Bio,6 x 20 cl,4.0,4.0,c,Casino,0,Jus d'orange*. *issu de l'agriculture biologique.,France,"Bio, Bio europ√©en, AB Agriculture Biologique, Agriculture UE/Non UE, FR-BIO-01 ",47.0,0.0,0.0,11.0,10.0,0.012,0.0,0.0,1.0,Beverages,Fruit juices
100% Pur jus orange,1 l,-1.0,-1.0,b,"Casino, Casino BIO",Agriculture UE/non UE,Jus d'orange*. *issu de l'agriculture Biologique,France,"Bio, Bio europ√©en, en:FSC, Agriculture UE/Non UE, FR-BIO-01, Pur jus, AB Agriculture Biologique ",46.0,0.1,0.1,11.0,10.0,0.0,0.0,0.023,1.0,Beverages,Fruit juices
100% Pur jus orange,4 x 20cl,4.0,4.0,c,Casino,0,Jus d'orange,France,0,0.0,0.0,0.0,9.3,9.3,0.0,0.0,0.02,1.0,Beverages,Fruit juices
Boisson aux jus de fruits √† base de concentr√©s orange,0,13.0,13.0,e,"Casino,Les Doodingues",0,S. Eau - sucre - jus d'orange √† base de concentr√© 6% - jus de citron √† base de concentr√© mandarine √† base de concentr√© jus d'ac√©rola concentr√© d'orange. jus de base de naturel √† - ar√¥me,France,0,40.0,0.0,0.0,10.0,10.0,0.0,0.0,0.0,4.0,Beverages,Sweetened beverages
Pur jus d'orange pulp√© 3%,1.5 l,2.0,2.0,c,Casino,0,Jus d'orange - pulpe 3%.,France,0,38.0,0.0,0.0,8.7,8.7,0.0,0.0,0.0,1.0,Beverages,Fruit juices
Jus d'orange √† base de jus concentr√©,6 * 20 cl,2.0,2.0,c,Grand Jury,0,Jus d'orange √† base de concentr√©s,France,0,39.0,0.5,0.0,8.9,8.2,0.012,0.0,0.0,1.0,Beverages,Fruit juices
Pur jus d'orange,1 L,2.0,2.0,c,Grand Jury,0,Jus d'orange,France,0,41.0,0.5,0.0,9.4,8.7,0.004,0.0,0.0,1.0,Beverages,Fruit juices
Pur jus d'orange,0,2.0,2.0,c,Helior,0,Jus d'orange. Utilisation :,France,0,40.0,0.2,0.0,8.7,8.7,0.004,0.0,0.0,1.0,Beverages,Fruit juices
Premium 100% jus d'orange sanguine,1 L,4.0,4.0,c,Monoprix,0,jus d'orange sanguine,France,"Sans colorants, Sans conservateurs",45.0,0.0,0.0,10.5,10.5,0.0,0.0,0.045,1.0,Beverages,Fruit juices
100% pur jus orange sans pulpe,1000 ml,3.0,3.0,c,Paquito,0,Jus d'orange,France,0,43.0,0.5,0.1,10.1,8.5,0.004,0.0,0.02,1.0,Beverages,Fruit juices
100% pur jus orange de Floride,1 L,4.0,4.0,c,"Paquito,Intermarch√©","Floride,Etats-Unis",jus d'orange.,France,0,47.0,0.5,0.1,11.0,10.0,0.004,0.0,0.02,1.0,Beverages,Fruit juices
100% pur jus orange sans pulpe,2 L,3.0,3.0,c,"Paquito,S√©lection Intermarch√©","St Martin d'Abbat,Loiret,France",jus d'orange,France,"Labels de distributeurs, en:FSC, en:fsc-c014047, FSC Mix, Sans sucre ajout√©, S√©lection Intermarch√© ",45.0,0.5,0.1,10.1,8.8,0.004,0.0,0.02,1.0,Beverages,Fruit juices
100 % Pur jus press√© orange avec pulpe,1000 ml,2.0,2.0,c,"Paquito,S√©lection des Mousquetaires,Les Mousquetaires",0,"Jus d'orange, pulpe 3%.",France,"Labels de distributeurs, en:FSC, Point Vert, S√©lection Intermarch√©, 100¬†%  Pur Jus Press√©, Avec Pulpe, Cueillies √† la main, Eco-Emballages, Naturellement riche en vitamine C ",41.0,0.0,0.0,9.4,8.5,0.0,0.0,0.02,1.0,Beverages,Fruit juices
100% pur jus orange avec pulpe,1500 ml,4.0,4.0,c,Paquito,0,"Jus d'orange, pulpe 2%.",France,"Peu ou pas de sucre, Labels de distributeurs, Sans sucre ajout√©, S√©lection Intermarch√©",47.0,0.5,0.1,11.0,10.0,0.004,0.0,0.02,1.0,Beverages,Fruit juices
100% pur jus orange avec pulpe,1000 ml,4.0,4.0,c,"Paquito (Intermarch√©),paquito",0,"Jus d'orange, pulpes 2%",France,0,48.0,0.5,0.1,11.1,9.5,0.004,0.0,0.02,1.0,Beverages,Fruit juices
Pur jus d'orange avec pulpe bio,1000 ml,4.0,4.0,c,Paquito,agro bio,"Jus d'orange‚Äú, pulpe&quot; (3%). *Ingr√©dients issus de l'agriculture biologique.",France,"Bio, Labels de distributeurs, Bio europ√©en, FR-BIO-01, AB Agriculture Biologique, S√©lection Intermarch√© ",47.0,0.5,0.1,11.0,9.4,0.004,0.0,0.0,1.0,Beverages,Fruit juices
Jus d'orange 100% pur jus 2L,0,3.0,3.0,c,Netto,0,JUS D'ORANGE INGR√âDIENT : JUS d'orange.,France,0,45.0,0.5,0.1,10.1,8.8,0.004,0.0,0.0,1.0,Beverages,Fruit juices
", 100% pur jus d'orange, les 2 bouteilles de 1l 2 l",0,4.0,4.0,c,0,0,0,France,0,44.0,0.5,0.1,10.0,10.0,0.04,0.0,0.0,0.0,Beverages,Fruit juices
100% pur jus orange sanguine avec pulpe,1000 g,3.0,3.0,c,Paquito,0,"Jus d'orange sanguine, pulpe 3%",France,Sans sucre ajout√©,49.0,0.0,0.0,11.0,8.6,0.0,0.0,0.012,1.0,Beverages,Fruit juices
100% pur jus - jus d'orange avec pulpe,1 L,4.0,4.0,c,Paquito,0,"Jus d'orange, pulpe (3%)",France,0,46.0,0.5,0.1,10.8,9.8,0.004,0.0,0.02,1.0,Beverages,Fruit juices
Paquito Jus d'orange 100% pur jus sans pulpe la brique de 2 l,0,4.0,4.0,c,Paquito,0,0,France,0,44.0,0.5,0.1,12.2,9.2,0.0,0.0,0.0,0.0,Beverages,Fruit juices
Pur jus orange avec pulpe,0,12.0,12.0,e,Paquito,0,0,France,0,37.0,0.5,0.1,8.4,8.3,0.004,0.0,0.0,0.0,unknown,unknown
100% pur jus orange sans pulpe,0,2.0,2.0,c,Paquito,0,Jus d'orange,France,0,42.0,0.5,0.1,8.7,8.7,0.004,0.0,0.0,1.0,Beverages,Unsweetened beverages
100% pur jus - jus d'orange mandarine raisin bio,1 L,6.0,6.0,d,Paquito,0,"jus d'orange (39,5 %), jus de mandarine (30 %), jus de raisin blanc (30 %), jus de citron (0,5 %).",France,"Bio, Bio europ√©en, FR-BIO-01, AB Agriculture Biologique ",53.0,0.5,0.1,12.5,11.5,0.004,0.0,0.0,1.0,Beverages,Fruit juices
100% pur jus d'orange sans pulpe bio,0,3.0,3.0,c,Paquito,0,0,France,Sans sucre ajout√©,39.0,0.5,0.1,9.4,9.4,0.004,0.0,0.0,0.0,Beverages,Fruit juices
"Jus d'orange A base de jus d'orange concentr√©, 1L",1 L,3.0,3.0,c,R√©cr√©,0,0,France,Sans sucre ajout√©,44.0,0.0,0.0,10.2,9.0,0.0,0.0,0.0,0.0,Beverages,Fruit juices
Jus d'orange √† base de jus d'orange concentr√©,20 cl,3.0,3.0,c,Brici,0,0,France,"Peu ou pas de sucre, en:FSC, en:fsc-c014047, FSC Mix, Sans sucre ajout√© ",44.0,0.0,0.0,10.199999809265,9.0,0.0,0.0,0.02,0.0,Beverages,Fruit juices
Lot 6 Recre 100% jus d'orange 20CL,0,10.0,10.0,e,0,0,0,France,"Sans sucre ajout√©, Sans colorants, Sans conservateurs",65.0,0.0,0.0,16.0,15.0,0.004,0.0,0.0,0.0,Beverages,Fruit juices
Jus d'orange a base de jus concentr√©,0,5.0,5.0,c,Pressade,0,Jus d'orange √† base dejus concentr√©. *sans sucres ajout√©s comme tous les jus de fruits. Contient les sucres naturellement pr√©sents dans les fruit',France,Sans sucre ajout√©,47.0,0.0,0.0,11.0,11.0,0.0,0.0,0.0,0.0,Beverages,Fruit juices
Pur jus d'orange avec pulpe,"1,5 l",3.0,3.0,c,U,0,"Jus d'orange, pulpes d'orange ( 3%).",France,"Nutriscore, Transform√© en France, Recycl√© plastique",43.0,0.2,0.0,9.4,8.5,0.002,0.0,0.024,1.0,Beverages,Fruit juices
"Pur jus r√©frig√©r√© orange, cl√©mentine et raisin blanc",1 l,6.0,6.0,d,U,0,"Jus d'orange 33%, jus de cl√©mentine 32%, jus de raisin 32% et pulpe d'orange 3%.",France,"Bio, en:FSC, Sans colorants, Sans conservateurs, Transform√© en France ",50.0,0.5,0.0,12.0,11.0,0.004,0.0,0.015,1.0,Beverages,Fruit juices
Pur jus d'orange,1 l,3.0,3.0,c,U,Hors France,Jus d'orangE 100%.,France,"Peu ou pas de sucre, en:FSC, Sans sucre ajout√©, Sans colorants, Sans conservateurs, Nutriscore, Pur jus, Riche en vitamine C, Transform√© en France ",47.0,0.1,0.0,11.0,9.0,0.0,0.0,0.02,1.0,Beverages,Fruit juices
Pur jus d'orange,4 x 1 l,3.0,3.0,c,U,0,Jus d'orange.,France,"en:FSC, Nutriscore, Nutriscore C, Conditionn√© en France, Transform√© en France ",47.0,0.1,0.1,11.0,9.0,0.0,0.0,0.0,1.0,Beverages,Fruit juices
Pur jus r√©frig√©r√© orange et mangue,1 l,4.0,4.0,c,U,0,"Jus d'orange 80%, pur√©e mangue 20%",France,"en:FSC, Point Vert, Transform√© en France, CSI ",45.0,0.5,0.0,10.0,9.6,0.004,0.0,0.016,1.0,Beverages,Fruit juices
Pur jus d'orange sans pulpe,1 l,2.0,2.0,c,U,Espagne,Jus d'orange.,France,"Point Vert, Conditionn√© en France, Pur jus, Transform√© en France, Eco-Emballages, Recycl√© plastique, Sans pulpe",42.0,0.5,0.0,9.4,8.7,0.012,0.0,0.02,1.0,Beverages,Fruit juices
Pur jus d'orange sans pulpe,4 bouteilles en plastique de 1 l,2.0,2.0,c,U,0,Jus d'orange. L'ingr√©dient de ce produit ne provient pas de la France,France,"Conditionn√© en France, Transform√© en France, Recycl√© plastique",41.0,0.5,0.0,9.4,8.7,0.012,0.0,0.02,1.0,Beverages,Fruit juices
Pur jus d'orange sans pulpe,1 l,4.0,4.0,c,"U Bio, U",Espagne,Jus d'orange sans pulpe*. *ingr√©dient issu de l'agriculture biologique.,France,"Bio, Bio europ√©en, AB Agriculture Biologique, Agriculture UE/Non UE, en:FSC, Sans sucre ajout√©, Sans colorants, Sans conservateurs ",45.0,0.5,0.1,11.0,10.0,0.004,0.0,0.02,1.0,Beverages,Sweetened beverages
Pur jus d'orange des Am√©riques,4 x 1 l,3.0,3.0,c,U,0,Jus d'orange,France,"en:FSC, Transform√© en France ",43.0,0.0,0.0,10.0,8.0,0.012,0.0,0.0,1.0,Beverages,Fruit juices
Pur jus d'orange sans pulpe,1 l,1.0,1.0,b,U,0,Jus d'orange sans pulpe.,France,"en:FSC, Sans colorants ",35.0,0.5,0.1,8.1,8.1,0.004,0.0,0.024,1.0,Beverages,Fruit juices
Pur jus orange mandarine raisin blanc,2 l,6.0,6.0,d,U,0,Jus d'orange de mandarine et de raisin blanc.,France,"en:FSC,Transform√© en France",50.0,0.5,0.1,11.0,11.0,0.004,0.0,0.02,0.0,Beverages,Fruit juices
Pur jus d'orange des Am√©riques,1 l,3.0,3.0,c,U,Am√©riques,Jus d'orange,France,"en:FSC, Point Vert, Transform√© en France ",43.0,0.0,0.0,10.0,8.0,0.012,0.0,0.0,1.0,Beverages,Fruit juices
Pur jus orange sans pulpe,2 l,2.0,2.0,c,U,?,Jus d'orange.,France,"en:FSC, Riche en vitamine C, Transform√© en France, Triman, Pont vert, Pure-Pak ",41.0,0.5,0.0,9.4,8.7,0.012,0.0,0.02,1.0,Beverages,Fruit juices
Pur jus d'orange avec pulpe,1 l,2.0,2.0,c,U,0,"Jus d'orange, pulpes d'orange (3 %).",France,"No added sugar, Nutriscore, Transformed in France, fr:Recycl√© plastique, en:nutriscore-grade-c",41.0,0.5,0.0,9.4,8.7,0.012,0.0,0.02,1.0,Beverages,Fruit juices
Pur jus d'orange avec pulpe r√©frig√©r√©,50 cl,3.0,3.0,c,U,0,"Jus d'orange 97%, pulpe 3%.",France,"en:FSC, Transform√© en France ",41.0,0.0,0.0,9.4,8.7,0.12,0.0,0.02,1.0,Beverages,Fruit juices
Pur jus d'orange sans pulpe,"1,5 l",4.0,4.0,c,U,0,Jus d'orange.,France,"Transform√© en France, Recycl√© plastique",47.0,0.2,0.0,10.6,9.5,0.012,0.0,0.028,1.0,Beverages,Fruit juices
Pur jus orange,4 x 20 cl,4.0,4.0,c,U,0,Jus d'orange.,France,Transform√© en France,45.0,0.1,0.0,10.4,9.4,0.012,0.0,0.0,1.0,Beverages,Fruit juices
Pur jus d'oranges sanguines press√©es,1 l,2.0,2.0,c,U,0,Jus d'orange sanguine.,France,"en:FSC, en:fsc-c100482, Sans colorants, Pur jus, Riche en vitamine C, Transform√© en France, CSI Food Contact ",41.0,0.0,0.0,9.4,8.7,0.012,0.0,0.045,1.0,Beverages,Fruit juices
Pur jus orange et Fruits poire cl√©mentine,1 l,4.0,4.0,c,U,0,"Jus et pur√©e de fruits : orange 53%, poire 30% et cl√©mentine 17%.",France,"Riche en vitamine C, Transform√© en France, Recycle-plastique",49.0,0.2,0.0,11.0,9.9,0.002,0.0,0.012,1.0,Beverages,Fruit juices
Pur jus orange et Fruits ananas p√™che,1 l,5.0,5.0,c,U,0,"Jus et pur√©e de fruits : orange 42%, ananas 42% et p√™che 16%.",France,"Transform√© en France, Recycl√© plastique",51.0,0.2,0.0,11.4,10.3,0.002,0.0,0.012,1.0,Beverages,Fruit juices
Pur jus orange et fruits mangue goyave,1 l,6.0,6.0,d,U,0,"Jus et pur√©es de fruits : orange 52.6%, raisin 26.3%, mangue 13.1% et goyave 8%.",France,"Transform√© en France, Source-de-vitamine-c, Recycl√© plastique",54.0,0.2,0.0,12.1,10.9,0.002,0.0,0.009,1.0,Beverages,Fruit juices
Pur jus orange et Fruits orange abricot kiwi,1 l,6.0,6.0,d,U,0,"Jus et pur√©es de fruits : orange 37.4%, raisin 37.4%, abricot 20.4% et kiwi 4.8%.",France,"Transform√© en France, Recycl√© plastique",55.0,0.2,0.0,12.3,11.1,0.002,0.0,0.008,1.0,Beverages,Fruit juices
Pur jus d'orange sans pulpe,"4 x 1,5 l",4.0,4.0,c,U,0,Jus d'orange.,France,"Transform√© en France, Recycl√© plastique",47.0,0.2,0.0,10.6,9.5,0.01,0.0,0.028,1.0,Beverages,Fruit juices
Pur jus d'orange de raisin et de fruit de la passion,1 l,2.0,2.0,c,U,0,"Jus d orange 85%, jus de raisin blanc 11%, pur√©e de fruit de la passion 4%.",France,0,40.0,0.0,0.0,9.3,9.0,0.0,0.0,0.0,1.0,Beverages,Fruit juices
"Pur jus de pomme, orange sanguine, cassis pasteuris√© r√©frig√©r√©",1 l,5.0,5.0,c,U,0,"Jus de pomme 35%, jus de raisin 35%, jus d'orange sanguine 25%, jus de cassis 5%.",France,"en:FSC, Point Vert, Pur jus ",0.0,0.1,0.0,11.2,11.2,0.0,0.0,0.0,1.0,Beverages,Fruit juices
100 % Pur jus d'orange avec pulpe,1 l,1.0,1.0,b,U,0,"Jus d'orange 98%, pulpe d'orange 2%.",France,"Point Vert, Pur jus, Triman, Recycl√© plastique",35.0,0.5,0.1,8.1,8.1,0.004,0.0,0.02,1.0,Beverages,Fruit juices
Pur jus d'orange,0,1.0,1.0,b,U,0,0,France,0,35.0,0.5,0.1,8.1,8.1,0.0,0.0,0.0,0.0,Beverages,Fruit juices
Pur jus d'orange sans pulpe,50 cl,3.0,3.0,c,U,Import,Jus d'orange.,France,"Point Vert, Fabriqu√© en France, Pur jus, Riche en vitamine C, Transform√© en France, Triman",45.0,0.5,0.0,9.4,8.7,0.012,0.0,0.02,1.0,Beverages,Fruit juices
Boisson aux jus de fruits plate orange,6 bouteilles de 25 cl,9.0,9.0,d,U,"France,Hors France","Eau de source (France) 84,2%, jus de fruits √† base de concentr√©s 12% (orange 10%, pomme 2%), sucre, acidifiants : acide citrique et acide malique, ar√¥me naturel d'orange avec autres ar√¥mes naturels, ar√¥mes naturels, concentr√©s de carotte, antioxydant : acide ascorbique.",France,"Point Vert, Sans conservateurs, Transform√© en France, Recycl√© plastique",28.0,0.5,0.1,6.4,6.4,0.012,0.0,0.0,4.0,Beverages,Sweetened beverages
Pur jus cocktail d'agrumes orange mandarine et pamplemousse rose issude l'agriculture biologique,1 l,2.0,2.0,c,"U Bio,U",0,"Jus d'orange* 63%, jus de mandarine* 25%, jus de pamplemousse rose* 12%. *ingr√©dient issu de l'agriculture biologique.",France,"Organic, EU Organic, Non-EU Agriculture, ES-ECO-024-MU, EU Agriculture, EU/non-EU Agriculture, FSC , en:ab-agriculture-biologique",40.0,0.5,0.1,9.0,8.1,0.004,0.0,0.0,1.0,Beverages,Sweetened beverages
Pur jus orange clementine raisin blanc,1 l,5.0,5.0,c,"U Bio, U",0,"Jus d'orange* 50%, de cl√©mentine* 40% et de raisin blanc* 10%. * Ingr√©dient issu de l'agriculture biologique.",France,"Bio, Transform√© en France ",46.0,0.5,0.1,11.0,11.0,0.004,0.0,0.0,1.0,Beverages,Sweetened beverages
Pur jus d'orange sans pulpe,2 l,4.0,4.0,c,U,0,Jus d'orange.,France,"Point Vert, Fabriqu√© en France, Conditionn√© en France, Pur jus, Riche en vitamine C, Recycl√© plastique",47.0,0.2,0.0,10.6,9.5,0.01,0.0,0.028,1.0,Beverages,Fruit juices
Pur jus r√©frig√©r√© orange pulp√©e flash pasteuris√©,"1,50 l",2.0,2.0,c,U,0,"Jus d'orange 97%, pulpe 3%.",France,"en:FSC, Transform√© en France ",41.0,0.0,0.0,9.4,8.7,0.0,0.0,0.02,1.0,Beverages,Fruit juices
Pur jus cl√©mentine orange raisin,1 l,5.0,5.0,c,U,0,"Jus de cl√©mentine 70%, jus d'orange 15% , jus de raisin blanc 15%.",France,Transform√© en France,48.0,0.5,0.1,11.0,11.0,0.004,0.0,0.0,1.0,Beverages,Fruit juices
Pur jus d'orange sans pulpe,"1,5 l",3.0,3.0,c,U,0,Jus d'orange 100%,France,"en:FSC, Conditionn√© en France ",45.0,0.5,0.1,8.7,8.7,0.004,0.0,0.0,1.0,Beverages,Fruit juices
"Pur jus d'orange avec pulpe flash pasteuris√©, r√©frig√©r√©","1,5 l",1.0,1.0,b,U,0,"Jus d'orange 98%, pulpe d'orange 2%.",France,"DEMARCHE FLEG METIERS, Recycl√© plastique",35.0,0.5,0.1,8.1,8.1,0.0,0.0,0.0,1.0,Beverages,Fruit juices
"Pur jus d'orange sans pulpe flash pasteuris√©, r√©frig√©r√©","1,5 l",-4.0,-4.0,a,U,oranges,Jus d'orange 100%,France,"DEMARCHE FLEG METIERS, Recycl√© plastique",35.0,0.5,0.1,8.1,8.1,0.004,0.0,0.02,1.0,unknown,unknown
Pur jus d'orange,1l,1.0,1.0,b,U,0,Jus d'orange 100%,France,0,35.0,0.5,0.1,8.1,8.1,0.004,0.0,0.02,1.0,Beverages,Fruit juices
Pur jus d'orange sans pulpe flash paseuris√©,"1,75 l",4.0,4.0,c,U,0,Jus d'orange sans pulpe.,France,en:FSC ,54.0,0.5,0.1,8.1,8.1,0.04,0.0,0.0,1.0,Beverages,Fruit juices
Pur jus r√©frig√©r√© orange pulp√©e flash pasteuris√©,"1,75 l",1.0,1.0,b,U,0,Jus d'orange 98% et pulpe d'orange 2%,France,en:FSC ,35.0,0.5,0.1,8.1,8.1,0.004,0.0,0.02,1.0,Beverages,Fruit juices
Pur jus d'orange sans pulpe,4 x 2 l prix choc,4.0,4.0,c,U,0,Jus d'orange.,France,"Conditionn√© en France, Recycl√© plastique",47.0,0.2,0.0,10.6,9.5,0.01,0.0,0.028,1.0,Beverages,Unsweetened beverages
Pur jus d'orange sans pulpe,0,2.0,2.0,c,"U Bio,U",Spain,0,France,"Nutriscore, Nutriscore C",41.0,0.5,0.1,8.7,8.7,0.004,0.0,0.0,0.0,Beverages,Fruit juices
Pur jus d‚Äôorange sans pulpe,0,2.0,2.0,c,"U,U Bio",0,0,France,"Organic,EU Organic,AB Agriculture Biologique",41.0,0.5,0.1,8.7,8.7,0.004,0.0,0.0,0.0,Beverages,Fruit juices
pur jus orange avec pulpe,1 L,2.0,2.0,c,cora,0,jus d'orange pulpe (2%),France,0,38.0,0.5,0.1,8.7,8.7,0.004,0.0,0.02,1.0,Beverages,Fruit juices
100% pur jus orange,2 L,2.0,2.0,c,Cora,0,0,France,Point Vert,42.0,0.5,0.0,9.4,8.7,0.024,0.0,0.02,0.0,Beverages,Fruit juices
Pur jus orange,0,2.0,2.0,c,Cora,0,0,France,0,41.0,0.5,0.0,9.3999996185303,8.6999998092651,0.0119999997317792,0.0,0.0,0.0,Beverages,Fruit juices
100% Pur jus d'orange,1 L,5.0,5.0,c,Cora,0,0,France,0,47.0,0.5,0.0,10.5,9.5,0.12,0.0,0.0,0.0,Beverages,Fruit juices
100 % pur jus orange Floride press√©e avec pulpe,1 L,2.0,2.0,c,Cora,"Floride,Etats Unis","Jus d'orange, pulpe 2,5 %.",France,"Pur jus, Triman, 100¬†% Pur Fruit Press√©, Info-Tri Point Vert, Naturellement riche en vitamine C, Origine Floride",0.0,0.5,0.0,9.4,8.7,0.012,0.0,0.02,1.0,Beverages,Fruit juices
Pur jus d‚Äôorange Bio,0,2.0,2.0,c,Cora,0,0,France,"Bio, Bio europ√©en ",41.0,0.5,0.0,9.4,8.7,0.012,0.0,0.0,0.0,Beverages,Fruit juices
Pur jus d'orange,0,2.0,2.0,c,Nature Bio,0,0,France,"Bio, Bio europ√©en, AB Agriculture Biologique ",42.0,0.5,0.0,9.4,8.7,0.0,0.0,0.0,0.0,Beverages,Fruit juices
Pur jus d'orange,75 cl,2.0,2.0,c,Belle France,0,jus d'orange issu de l'agriculture biologique.,France,"Bio, Bio europ√©en, AB Agriculture Biologique ",40.0,0.2,0.0,8.7,8.7,0.0,0.0,0.0,1.0,Beverages,Fruit juices
Pur jus d'orange,1 L,2.0,2.0,c,Belle France,0,jus d'orange.,France,"Fabriqu√© en France, Sans conservateurs, Pur jus",42.0,0.5,0.1,8.7,8.7,0.0,0.0,0.0,1.0,Beverages,Fruit juices
Pur jus orange bio,1 L,2.0,2.0,c,Belle France,0,"Jus d'orange*, pulpes d'oranges 3,5%*. *issu de l'agriculture biologique.",France,"Bio, Bio europ√©en, FR-BIO-01, Pur jus ",40.0,0.5,0.0,8.6999998092651,8.6999998092651,0.003999999910593,0.0,0.0,1.0,Beverages,Fruit juices
Belle France jus d'orange de Floride avec pulpe,1 l,2.0,2.0,c,Belle France,Floride,100% pur jus d'orange,France,0,41.0,0.1,0.0,9.4,8.7,0.012,0.0,0.0,1.0,Beverages,Fruit juices
Pur jus d orange avec pulpe,1 L,2.0,2.0,c,Belle France,0,0,France,0,40.0,0.5,0.5,8.6999998092651,8.6999998092651,0.003999999910593,0.0,0.0,0.0,Beverages,Fruit juices
1L pur jus d‚Äôorange press√©e,1 L,2.0,2.0,c,Belle France,0,"Jus d'orange, pulpe d'orange 3%.",France,"Sans colorants, Sans conservateurs, Pur jus",42.0,0.0,0.0,8.7,8.7,0.004,0.0,0.02,1.0,Beverages,Fruit juices
Pur jus d'orange Cuba Br√©sil,1 L,3.0,3.0,c,Leader Price,"Cuba,Br√©sil",Jus d'orange.,France,0,0.0,0.0,0.0,10.2,7.7,0.0,0.0,0.02,1.0,Beverages,Fruit juices
100% pur jus orange bio,1L,4.0,4.0,c,Leader price,0,Jus d'oranges issues de l'agriculture biologique.,France,Bio ,46.0,0.0,0.0,11.0,10.0,0.0,0.0,0.012,1.0,Beverages,Fruit juices
Pur jus d'orange et de cl√©mentine,1 L,4.0,4.0,c,Le-prix-gagnant,0,Jus d'orange 50% - Jus de cl√©mentine 50%,France,0,48.0,0.2,0.0,10.6,9.5,0.01016,0.0,0.016,1.0,Beverages,Fruit juices
Pur jus d'orange,2 L,3.0,3.0,c,Leader price,0,Jus d'orange,France,0,42.0,0.0,0.0,10.0,9.4,0.012,0.0,0.024,1.0,Beverages,Fruit juices
Pure jus orange avec pulpe,1 L,3.0,3.0,c,Franprix,0,0,France,0,46.0,0.0,0.0,10.5,9.0,0.0,0.0,0.0,0.0,Beverages,Fruit juices
Pur jus orange sans pulpe 100% pur jus,1 L,3.0,3.0,c,Franprix,0,Jus d'orange,France,0,46.0,0.0,0.0,10.5,9.0,0.0,0.0,0.0,1.0,Beverages,Fruit juices
Pur jus orange,1 L,3.0,3.0,c,Franprix,0,Jus d'orange.,France,0,48.0,0.0,0.0,11.0,9.0,0.0,0.0,0.04,1.0,Beverages,Fruit juices
pur jus d oranges bio,0,4.0,4.0,c,Franprix,0,0,France,"Bio, Bio europ√©en, AB Agriculture Biologique ",46.0,0.0,0.0,11.0,10.0,0.0,0.0,0.0,0.0,Beverages,Fruit juices
pur jus d oranges,"1,5 L",3.0,3.0,c,Franprix,0,Jus d'orange.,France,0,42.0,0.0,0.0,10.0,10.0,0.008,0.0,0.0,1.0,Beverages,Fruit juices
Pur jus d'orange,50 cl,4.0,4.0,c,leader price,0,Ingr√©dient jus dorange.,France,0,50.0,0.0,0.0,11.2,10.1,0.0,0.0,0.0,0.0,Beverages,Fruit juices
pur jus d oranges bio,1 L,2.0,2.0,c,Franprix,0,"Jus d'orange, pulpe d'orange 3,5%.",France,"Bio, Bio europ√©en, FR-BIO-01, Pur jus, AB Agriculture Biologique ",40.0,0.0,0.0,9.4,8.7,0.012,0.0,0.0,1.0,Beverages,Fruit juices
Pur jus d'orange,0,7.0,7.0,d,Leader Price,0,Jus d'orange.,France,"Bio, Bio europ√©en, AB Agriculture Biologique ",74.0,0.0,0.0,11.0,10.0,0.012,0.0,0.0,1.0,Beverages,Fruit juices
100% Pur jus d'orange,1 L,4.0,4.0,c,Leader Price,0,Jus d'oranges issues de l'agriculture biologique,France,"Bio, Bio europ√©en, Agriculture UE, FR-BIO-01, AB Agriculture Biologique ",47.0,0.0,0.0,11.0,10.0,0.0,0.0,0.0,1.0,Beverages,Fruit juices
Pur jus orange sans pulpe 2L,2 L,3.0,3.0,c,Leader Price,0,0,France,0,42.0,0.0,0.0,10.0,9.3999996185303,0.0119999997317792,0.0,0.0,0.0,Beverages,Fruit juices
Pur jus d'orange du Br√©sil,1 L,2.0,2.0,c,leader Price,0,Jus d'orange,France,0,40.0,0.0,0.0,8.1000003814697,8.1000003814697,0.0,0.0,0.02,1.0,Beverages,Fruit juices
Pur jus d'orange,0,4.0,4.0,c,Leader Price,0,0,France,0,47.0,0.0,0.0,10.3,9.3,0.0,0.0,0.0,0.0,Beverages,Fruit juices
Pur jus d'orange,1L,2.0,2.0,c,Leader Price,0,Jus d'orange,France,0,38.0,0.5,0.0,8.3,8.3,0.0,0.0,0.024,1.0,Beverages,Fruit juices
100% pur jus Bio orange avec pulpe,1 L,1.0,1.0,b,Franprix,0,0,France,"Bio europ√©en,AB Agriculture Biologique,Nutriscore B,FSC Mix",34.0,0.0,0.0,8.5,8.5,0.0,0.0,0.0,0.0,Beverages,Fruit juices
Pur jus d'orange bio,0,3.0,3.0,c,Franprix,0,0,France,"Bio,Nutriscore,Nutriscore C,AB Agriculture Biologique,FR-BIO-01",39.0,0.0,0.0,9.1,9.1,0.0,0.0,0.0,0.0,Beverages,Fruit juices
100% pur jus d'orange,0,4.0,4.0,c,Leader Price,0,0,France,0,47.0,0.0,0.0,11.0,10.0,0.0,0.0,0.0,0.0,Beverages,Fruit juices
Pur jus d'orange press√©e sans pulpe,0,3.0,3.0,c,Leader Price,0,Jus d'orange,France,0,45.0,0.1,0.1,10.8,9.0,0.04,0.0,0.024,1.0,Beverages,Fruit juices
Pur jus orange mandarine raisin,1l,3.0,3.0,c,Leader Price,0,Jus d'orange 47% - jus de mandarine 36% - jus de raisin - pur√©e de banane 7%.,France,0,42.0,0.01,0.01,10.4,10.4,0.004,0.0,0.0,1.0,Beverages,Fruit juices
100% pur jus orange sanguine,1 L,4.0,4.0,c,Franprix,0,0,France,0,49.0,0.079999998211861,0.0099999997764826,9.5,9.5,0.003999999910593,0.0,0.0,0.0,Beverages,Fruit juices
pur jus d oranges sans pulpe,0,2.0,2.0,c,Franprix,0,0,France,0,41.0,0.5,0.1,8.3,8.3,0.004,0.0,0.0,0.0,Beverages,Fruit juices
Pur jus d'orange de Floride press√©e avec pulpe,1 l,3.0,3.0,c,leader  price,0,Jus d'orange avec pulpe.,France,0,0.0,0.0,0.0,10.5,9.0,0.0,0.0,0.024,1.0,Beverages,Fruit juices
Pur jus d'orange sans pulpe 100% purs fruits press√©s,1 l,1.0,1.0,b,Leader Price,0,Jus d'orange,France,0,35.0,0.0,0.0,8.0,8.0,0.004,0.0,0.024,1.0,Beverages,Fruit juices
100% pur jus orange fraise,0,2.0,2.0,c,0,0,0,France,0,43.0,0.0,0.0,9.7,8.5,0.0,0.0,0.0,0.0,Beverages,Fruit juices
100 % pur jus orange,25 cl,4.0,4.0,c,Franprix,0,Jus d'orange 100 %.,France,0,0.0,0.0,0.0,10.8,9.3,0.0,0.0,0.0448,1.0,Beverages,Fruit juices
Pur jus d'orange du Br√©sil avec pulpe,1 l,3.0,3.0,c,Leader Price,0,"Jus d'orange du Br√©sil, pulpe 3 %.",France,Point Vert,45.0,0.0,0.0,10.7,9.0,0.0,0.0,0.024,1.0,Beverages,Fruit juices
100% Pur jus d'orange,1 L,4.0,4.0,c,La vie claire,0,0,France,"Bio, Bio europ√©en, Agriculture UE/Non UE, Point Vert, AB Agriculture Biologique ",45.0,0.21,0.04,9.4,9.4,0.004,0.0,0.03,0.0,Beverages,Fruit juices
100% pur jus orange,0,2.0,2.0,c,La Vie Claire,0,0,France,"Bio, Bio europ√©en, AB Agriculture Biologique, Sans sucre ajout√©, Sans additifs ",43.0,0.2,0.0,9.0,9.0,0.0,0.0,0.0,0.0,Beverages,Fruit juices
100% pur jus presse orange,0,1.0,1.0,b,La Vie Claire,0,0,France,"Bio, Bio europ√©en, AB Agriculture Biologique ",34.0,0.0,0.0,8.6,8.6,0.0,0.0,0.0,0.0,Beverages,Fruit juices
Pur jus d'orange sans pulpe,0,2.0,2.0,c,Leader Price,0,0,France,0,42.0,0.8,0.0,7.8,7.8,0.0,0.0,0.0,0.0,Beverages,Fruit juices
100% pur jus d'orange d'Espagne avec pulpe,1 L,3.0,3.0,c,Carrefour,Espagne,"Jus d'orange, pulpe 3%",France,"Fabriqu√© en Espagne, Sans sucre ajout√©",47.0,0.0,0.0,11.5,8.8,0.0,0.0,0.033,1.0,Beverages,Fruit juices
Pur jus d'orange bio,0,3.0,3.0,c,Maison Meneau,0,UN GESTE U L'HOMME ENS√πES,France,Bio ,45.0,0.0,0.0,10.0,8.5,0.0,0.0,0.0,0.0,Beverages,Fruit juices
Pur jus d'orange biologique,0,3.0,3.0,c,Meneau,0,ORANGE ‚ÄîBIO,France,Bio ,45.0,0.0,0.0,10.0,8.5,0.0,0.0,0.0,1.0,Beverages,Fruit juices
Pur jus d'orange press√©e,6 * 20 cl,3.0,3.0,c,Plein Fruit,0,Jus d'orange,France,en:produced-in-bretagne ,45.0,0.0,0.0,11.0,8.0,0.012,0.0,0.0,1.0,Beverages,Fruit juices
Pur jus d'orange,1 L,1.0,1.0,b,"Jardin Bio,L√©a Nature","Latin America,South Africa,fr:Bassin m√©diterran√©en",Jus d'orange issu de l'agriculture biologique.,France,"Bio, Bio europ√©en, FR-BIO-01, Sans sucre ajout√©, Nutriscore, Nutriscore B, AB Agriculture Biologique, Saveurs de l'Ann√©e, Saveurs de l'Ann√©e 2017, en:Saveurs-de-l-annee-france, Eco-conception, Fabricant-francais ",34.0,0.0,0.0,8.6,8.6,0.0,0.0,0.0,1.0,Beverages,Fruit juices
Pur jus d'orange bio,1 L,1.0,1.0,b,Vitamont,Agriculture UE / non UE,jus d‚Äôoranges* - *ingr√©dients issus de l'agriculture biologique.,France,"Bio, Bio europ√©en, AB Agriculture Biologique, Agriculture UE/Non UE, FR-BIO-01, en:FSC, Fabriqu√© en France ",34.0,0.0,0.0,9.0,9.0,0.0,0.0,0.0,1.0,Beverages,Fruit juices
Pur jus d'orange,0,1.0,1.0,b,Vitamont,0,0,France,"Bio, Bio europ√©en, AB Agriculture Biologique, Agriculture UE/Non UE, FR-BIO-01 ",34.0,0.0,0.0,8.6,8.6,0.0,0.0,0.0,0.0,Beverages,Fruit juices
Pur jus d'orange de Gr√®ce bio,1 L,1.0,1.0,b,Vitamont,Gr√®ce,jus d'orange,France,"Bio,Bio europ√©en,FR-BIO-01,Point Vert,AB Agriculture Biologique",34.0,0.0,0.0,8.6,8.6,0.0,0.0,0.0,1.0,Beverages,Fruit juices
Pur jus orange du Maroc,0,1.0,1.0,b,Vitamont,0,0,France,0,34.0,0.0,0.0,8.6,8.6,0.0,0.0,0.0,0.0,Beverages,Fruit juices
Pur jus d'orange de M√©diterran√©e bio,0,1.0,1.0,b,Vitamont,0,0,France,Bio ,34.0,0.0,0.0,9.0,9.0,0.0,0.0,0.0,0.0,Beverages,Fruit juices
Pur jus d'orange bio SAUTTER,0,3.0,3.0,c,Sautter,0,jus d'orange issu de l'agriculture biologique,France,Bio ,47.0,0.20000000298023,0.10000000149012,11.0,8.1999998092651,0.007999999821186,0.0,0.0,1.0,Beverages,Fruit juices
Cocktail de fruits jus d'oranges pamplemousse a la framboise,0,1.0,1.0,b,Ulti,0,"Jus d'orange : 45%, jus de pamplemousse : 45%, pur√©e de framboise : , Sans colorant, ni conservateur *conform√©ment √† la r√®glementation A conserver entre 0 et +40C",France,"Sans colorants, Sans conservateurs",42.0,0.2,0.1,8.9,7.7,0.008,0.0,0.0,1.0,Beverages,Unsweetened beverages
Le jus orange pamplemousse √† la framboise,250 ml,1.0,1.0,b,"Monop' Daily,Monoprix",0,Jus d'orange 45% - jus de pamplemousse 45% - pur√©e de framboise 10%.,France,0,42.0,0.2,0.1,9.0,8.7,0.004,0.0,0.0,1.0,Beverages,Fruit juices
100%pur jus orange flash pasteuris√©,1 L,2.0,2.0,c,"Monoprix Bio,Monoprix",Espagne ?,Jus d'orange* 97% - pulpe d'orange 3%. *ingr√©dients issu de l'agriculture biologique,France,"Bio, Bio europ√©en, AB Agriculture Biologique, CAERM ES-ECO-024-MU ",38.0,0.0,0.0,9.0,9.0,0.0,0.0,0.02,1.0,Beverages,Fruit juices
Jus d'orange - √† base de jus concentr√©,6 x 20 cl,1.0,1.0,b,Monoprix,0,Jus d'orange √† base de jus d'orange concentr√©.,France,en:FSC ,34.0,0.0,0.0,8.4,8.4,0.0,0.0,0.05,1.0,Beverages,Fruit juices
Pur jus d'orange fraichement press√©,1 l,1.0,1.0,b,Monoprix,0,JUS D'ORANGE STABILIS√â PAR HAUTE PRESSION √Ä FROID INGR√âDIENT Jus d'orange 100%,France,0,41.0,0.0,0.0,8.9,7.9,0.012,0.0,0.0,0.0,Beverages,Fruit juices
Pur jus d'orange avec pulpe,1 L,2.0,2.0,c,Monoprix,0,0,France,"Sans colorants, Sans conservateurs",38.0,0.0,0.0,8.7,8.7,0.0,0.0,0.0,0.0,Beverages,Fruit juices
Pur jus d‚Äôorange √† la fraise,1 L,2.0,2.0,c,Monoprix Gourmet,0,Jus d'orange 90% - pur√©e de fraise 10%.,France,0,45.0,0.2,0.1,9.8,8.5,0.012,0.0,0.0,1.0,Beverages,Fruit juices
Le jus orange carotte,0,11.0,11.0,e,Monoprix,0,0,France,Sans conservateurs,38.0,0.0,0.0,8.8,7.0,0.0,0.0,0.0,0.0,unknown,unknown
Le jus bio orange,250 ml,2.0,2.0,c,Monoprix,0,0,France,Bio ,43.0,0.0,0.0,9.5,8.8,0.008,0.0,0.0,0.0,Beverages,Fruit juices
Pur jus d'orange fra√Æchement press√©,0,4.0,4.0,c,Monoprix Gourmet,0,0,France,0,44.0,0.1,0.1,9.2,9.2,0.008,0.0,0.0,0.0,Beverages,Fruit juices
Pur jus d'orange fra√Æchement press√© √† la fraise,0,2.0,2.0,c,Monoprix Gourmet,0,0,France,0,39.0,0.1,0.1,8.0,7.7,0.016,0.0,0.0,0.0,Beverages,Fruit juices
orange 100% pur jus avec pulpe,0,1.0,1.0,b,0,0,Jus d'orange* 97% - pulpe d'orange* 3%. * ingr√©dients issus de l'agriculture biologique.,France,"Bio, Bio europ√©en, FR-BIO-01, AB Agriculture Biologique ",34.0,0.0,0.0,8.5,8.5,0.0,0.0,0.0,1.0,Beverages,Fruit juices
Pur jus d'orange fra√Æchement press√©,75 cl,2.0,2.0,c,"U Saveurs,U",0,100% jus d'orange,France,Recycl√© plastique,37.0,0.1,0.0,8.3,7.8,0.0,0.0,0.03,1.0,Beverages,Fruit juices
Pur jus d‚Äôorange bio,0,13.0,13.0,e,Feria,0,0,France,"Bio, Sans sucre ajout√©, Sans colorants, Sans conservateurs ",43.0,0.18,0.0,9.2,9.2,0.0,0.0,0.0,0.0,unknown,unknown
Pur jus d‚Äôorange,0,2.0,2.0,c,0,0,0,France,0,43.0,0.0,0.0,9.9,8.6,0.0,0.0,0.0,0.0,Beverages,Fruit juices
", jus d'orange",0,3.0,3.0,c,0,0,0,France,0,46.0,0.5,0.1,10.0,8.0,0.008,0.0,0.0,0.0,Beverages,Fruit juices
Pur jus pomme orange passion,0,4.0,4.0,c,Pressoirs De Provence,0,"Jus de pomme (70%) jus d'orange (25%), jus de passion (5%).",France,0,50.0,0.5,0.1,11.0,10.0,0.004,0.0,0.0,1.0,Beverages,Fruit juices
Jus d'orange √† base de jus concentr√©,1 l,3.0,3.0,c,Netto,0,Jus d'orange √† base de jus concentr√©.,France,Sans sucre ajout√©,43.0,0.5,0.05,10.5,10.0,0.004,0.0,0.0,1.0,Beverages,Fruit juices
Nectar d'orange √† base de jus concentr√© avec √©dulcorant,2 l,5.0,5.0,c,"Top budget,Top-budget",0,"Jus d'orange √† base de jus concentr√©, eau, √©dulcorant : glycoside de st√©rviol.",France,0,20.0,0.5,0.1,5.0,4.8,0.004,0.0,0.0,4.0,Beverages,Fruit nectars
Jus d'orange √† base de jus concentr√©,20 cl,2.0,2.0,c,Rochambeau,0,0,France,0,39.0,0.5,0.5,8.9,8.2,0.012,0.0,0.0,0.0,Beverages,Fruit juices
Pur jus d'orange,0,10.0,10.0,e,Rochambeau,0,"Jus d'orange, vitamine C.",France,0,40.0,0.0,0.0,9.4,8.7,0.0,0.0,0.0,1.0,Beverages,Unsweetened beverages
Pur jus d'orange,0,4.0,4.0,c,0,0,jus d'orange,France,0,45.0,0.5,0.1,9.3,9.3,0.0,0.0,0.0,1.0,Beverages,Fruit juices
Pur jus d'orange,0,4.0,4.0,c,Gilbert,0,0,France,Bio ,44.0,0.5,0.30000001192093,9.3000001907349,9.1999998092651,0.0,0.0,0.0,0.0,Beverages,Fruit juices
Pur jus d'orange,0,3.0,3.0,c,Gilbert,0,0,France,0,42.0,0.5,0.0,9.6000003814697,9.6000003814697,0.0,0.0,0.0,0.0,Beverages,Fruit juices
pur jus bio orange,0,3.0,3.0,c,Pressade,0,Jusdlorange,France,Bio ,44.0,0.0,0.0,10.0,8.5,0.0,0.0,0.0,0.0,Beverages,Fruit juices
Pur jus d'orange,0,4.0,4.0,c,0,0,0,France,0,45.0,0.5,0.10000000149012,9.6000003814697,9.6000003814697,0.0,0.0,0.0,0.0,Beverages,Fruit juices
Pur jus d'orange,1 L,5.0,5.0,c,La Source du Verger,0,jus d'orange pur jus.,France,0,35.0,0.10000000149012,0.10000000149012,10.800000190735,8.3000001907349,0.4,0.0,0.0,0.0,Beverages,Fruit juices
Jus d'orange √† base de jus d'orange concentr√©,1 L,3.0,3.0,c,Eco+,0,Jus d'orange √† base de jus concentr√©.,France,0,47.0,0.1,0.0,11.2,8.4,0.004,0.0,0.0,1.0,Beverages,Fruit juices
Pur jus d'orange avec pulpe,1 L,2.0,2.0,c,Eco+,0,0,France,0,38.0,0.5,0.10000000149012,8.6999998092651,8.6999998092651,0.003999999910593,0.0,0.0,0.0,Beverages,Fruit juices
Pur jus d'orange 2L,2 litres,2.0,2.0,c,Eco+,0,Jus d'orange,France,0,38.0,0.05,0.05,9.0,9.0,0.0004,0.0,0.0,1.0,Beverages,Fruit juices
Pur jus citron orange,0,8.0,8.0,d,Jardin Bio,0,"INGR√âDIENT jus de citron* 5096, jus d'orange* 50%. *Ingr√©dients issus de l'agriculture biologique. Origine Italie.",France,Bio ,42.0,0.3,0.1,9.4,5.1,0.0,0.0,0.0,1.0,Beverages,Unsweetened beverages
Pur jus d'orange,0,3.0,3.0,c,Sill,0,jus orange 100%,France,0,45.0,0.0,0.0,11.0,8.0,0.0,0.0,0.0,1.0,Beverages,Fruit juices
Jus d'orange 100% jus,1 L,2.0,2.0,c,Spring valley,0,0,France,0,40.0,0.0,0.0,9.5,9.0,0.008,0.0,0.0,0.0,Beverages,Fruit juices
Pur jus d'orange,0,4.0,4.0,c,0,0,0,France,0,46.0,0.0,0.0,10.7,9.1,0.0,0.0,0.0,0.0,Beverages,Fruit juices
Nu pur jus d'orange,0,2.0,2.0,c,0,0,0,France,"Bio, Bio europ√©en, AB Agriculture Biologique ",39.0,0.1,0.0,8.7,8.7,0.004,0.0,0.0,0.0,Beverages,Fruit juices
Pur jus orange,2L,2.0,2.0,c,Carrefour,0,"Jus d'orange, pulpe (3%).",France,Fabriqu√© en France,39.0,0.0,0.0,9.0,9.0,0.0,0.0,0.02,1.0,Beverages,Fruit juices
Pur jus d'orange,1 L e,2.0,2.0,c,"Carrefour Discount,Produits Blancs",0,"Jus d'orange (50 %), jus d'orange √† base de concentr√© (50 %).",France,"Point Vert, Fabriqu√© en Espagne, Triman",37.0,0.01,0.01,8.4,8.4,0.0,0.0,0.02,1.0,Beverages,Fruit juices
Pur jus orange sans pulpe,50 cl,4.0,4.0,c,"Carrefour,CMI (Carrefour Marchandises Internationales),Groupe Carrefour",Br√©sil,Jus d'orange.,France,"Labels de distributeurs, Qualit√© Carrefour, Point Vert, Fabriqu√© en France, Pur jus, Test√© par le panel test Carrefour, Eco-Emballages",46.0,0.2,0.0,10.2,10.2,0.012,0.0,0.0,1.0,Beverages,Fruit juices
100% pur jus orange d'Espagne avec pulpe,"1,75 L",3.0,3.0,c,Carrefour,Espagne,"Ingr√©dients Ingredi√´nten Jus d'orange, pulpe (3%) sappelsap, pulp (3%)",France,Fabriqu√© en Espagne,47.0,0.0,0.0,11.0,8.8,0.0,0.0,0.033,0.0,Beverages,Fruit juices
Pur jus d'orange pulp√©,1 l,2.0,2.0,c,Carrefour,0,"Jus d'orange, pulpe 3%.",France,"Labels de distributeurs, Qualit√© Carrefour, Sans conservateurs",38.0,0.0,0.0,9.0,9.0,0.0,0.0,0.02,1.0,Beverages,Fruit juices
Pur jus orange pulp√©,"1,5 L e",5.0,5.0,c,Carrefour,0,"Jus d'orange, pulpe 3 %.",France,"Fabriqu√© en France, Pur jus, Triman",46.0,0.0,0.0,11.0,11.0,0.012,0.0,0.024,1.0,Beverages,Fruit juices
100% Pur jus orange Avec pulpe,1 l,2.0,2.0,c,Carrefour,"Union Europ√©enne,Hors Union Europ√©enne","Jus d'orange, pulpe d'orange (3%)",France,"Point Vert, Fabriqu√© en France, Pur jus, Source de vitamine C, Tidy man, Avec pulpe, Eco-Emballages",38.0,0.0,0.0,8.7,8.7,0.0,0.0,0.02,1.0,Beverages,Fruit juices
Bon app' pur jus orange press√©e,33 cl,2.0,2.0,c,Bon App',0,Jus d'orange.,France,Fabriqu√© en France,41.0,0.0,0.0,9.1,8.7,0.0,0.0,0.0,1.0,Beverages,Fruit juices
100% pur jus orange Sans pulpe,1 l,2.0,2.0,c,Carrefour,0,0,France,Source de vitamine C,39.0,0.5,0.0,8.7,8.7,0.0,0.0,0.0,0.0,Beverages,Fruit juices
Pur jus d'orange,2 l,3.0,3.0,c,"Jafaden,Marque Rep√®re",0,Jus d'orange.,France,"Peu ou pas de sucre, Point Vert, Sans sucre ajout√©, Sans conservateurs, Pur jus",0.0,0.5,0.1,9.5,9.5,0.0,0.0,0.025,1.0,Beverages,Fruit juices
Pur jus d'orange de Floride,1 l,2.0,2.0,c,"Jafaden,Marque Rep√®re",0,"Jus d'orange, pulpe d'orange 3%",France,en:FSC ,0.0,0.1,0.0,9.4,8.7,0.0,0.0,0.02,1.0,Beverages,Fruit juices
Pur jus d'orange pulpe pet,1 l,3.0,3.0,c,"Jafaden,Marque Rep√®re",0,"Jus d'orange, pulpe 3 %, vitamine C.",France,0,0.0,0.5,0.1,9.3,9.3,0.0,0.0,0.024,1.0,Beverages,Fruit juices
Pur jus d'orange sans pulple,1 l,2.0,2.0,c,"Jafaden,Marque Rep√®re",0,Jus d'orange sans pulpe [facultatif],France,"100% naturel, Point Vert, Pur jus, Source-de-vitamine-c",0.0,0.5,0.1,8.7,8.7,0.0,0.0,0.02,1.0,Beverages,Fruit juices
Pur jus orange sanguine,1 l,2.0,2.0,c,"Jafaden,Marque Rep√®re",0,Jus d'orange sanguine,France,0,0.0,0.5,0.0,9.4,8.7,0.0,0.0,0.0,1.0,Beverages,Fruit juices
Pur jus d'orange avec pulpe,1 l,2.0,2.0,c,"Jafaden,Marque Rep√®re",0,"Jus d'orange, pulpe d'orange 4 %.",France,en:FSC ,0.0,0.5,0.1,8.7,8.7,0.0,0.0,0.02,1.0,Beverages,Fruit juices
Pur jus d'orange de Floride r√©frig√©r√© - brique,2 l,2.0,2.0,c,"Jafaden,Marque Rep√®re",0,"Jus d'orange, pulpe d'orange 4%.",France,Source de vitamine C,0.0,0.5,0.1,8.7,8.7,0.0,0.0,0.02,1.0,Beverages,Fruit juices
Jafaden 100% pur jus d‚Äôorange sans pulpe,1 l,4.0,4.0,c,"Jafaden,Marque Rep√®re",0,100% pur jus d'orange sans pulpe press√©,France,"Nutriscore, Nutriscore D, Impact environnement r√©duit",43.0,0.4,0.09,9.7,9.7,0.0036,0.0,0.024,1.0,Beverages,Fruit juices
Pur jus d'orange Br√©sil,1 L,1.0,1.0,b,"Jafaden,Marque Rep√®re",Br√©sil,JUS D'ORANGE,France,"Sans sucre ajout√©, Nutriscore, Nutriscore C",36.0,0.0,0.0,8.3,8.3,0.0,0.0,0.02,1.0,Beverages,Fruit juices
Pur jus d'orange riche en pulpe,1 l,2.0,2.0,c,"Jafaden,Marque Rep√®re",0,Jus d'orange (dont pulpe 6%).,France,0,0.0,0.5,0.1,8.9,8.9,0.0,0.0,0.0,1.0,Beverages,Fruit juices
Pur jus orange carotte banane,1 l,2.0,2.0,c,"Jafaden,Marque Rep√®re",0,"Jus d'orange 81,6%, jus et pur√©e de carotte 10,6%, pur√©e de banane 7,2%, jus de citron 0,6%.",France,0,0.0,0.5,0.1,9.0,9.0,0.0,0.0,0.0,1.0,Beverages,Fruit juices
"Pur jus d'orange, ananas et mangue",1 l,4.0,4.0,c,"Jafaden,Marque Rep√®re",0,"Jus d'orange 45%, jus d'ananas 45%, pur√©e de mangue 10%.",France,0,0.0,0.5,0.1,9.8,9.8,0.0,0.0,0.0,1.0,Beverages,Fruit juices
Pur jus orange clementine raisin banane,1 l,5.0,5.0,c,"Jafaden,Marque Rep√®re",France,"Jus d'orange 50%, jus de cl√©mentine 25%, jus de raisin 15%, pur√©e de banane 10%.",France,"Pur jus, Source-de-vitamine-c",0.0,0.5,0.1,11.0,11.0,0.0,0.0,0.012,1.0,Beverages,Fruit juices
Pur jus d'orange sans pulpe,2 l,2.0,2.0,c,"Jafaden,Marque Rep√®re",0,Jus d'orange sans pulpe,France,0,0.0,0.5,0.1,8.7,8.7,0.0,0.0,0.02,1.0,Beverages,Fruit juices
Pur jus d'orange sans pulpe,2 l,4.0,4.0,c,"Jafaden,Marque Rep√®re",0,0,France,0,0.0,0.5,0.1,9.7,9.7,0.0,0.0,24.0,0.0,Beverages,Fruit juices
Pur jus d'orange,4 x 20 cl,2.0,2.0,c,"Jafaden,Marque Rep√®re",0,0,France,0,0.0,0.5,0.1,9.0,9.0,0.0,0.0,0.0,0.0,Beverages,Fruit juices
Pur jus d'orange sans pulpe,50 cl,5.0,5.0,c,"Jafaden,Marque Rep√®re",0,‚Ä¢100.0% orange,France,0,0.0,0.5,0.1,11.0,11.0,0.0,0.0,0.0,1.0,Beverages,Fruit juices
Pur jus d'orange pulpe,"1,5 l",3.0,3.0,c,"Jafaden,Marque Rep√®re",0,"Jus d'orange, pulpe 3 %, vitamine C.",France,"Pure juice, en:nutriscore-grade-d",0.0,0.5,0.1,9.3,9.3,0.0,0.0,0.024,1.0,Beverages,Fruit juices
100% pur jus d'orange Jafaden Sans pulpe 6x1.5L,0,5.0,5.0,c,Jafaden,0,0,France,0,47.0,0.5,0.1,11.0,11.0,0.004,0.0,0.0,0.0,Beverages,Fruit juices
Pur jus d'orange,1 l,5.0,5.0,c,"Jafaden,Marque Rep√®re",0,Jus d'orange,France,"Sans sucre ajout√©, Pur jus, Riche en vitamine C",0.0,0.5,0.1,11.0,11.0,0.0,0.0,0.0,1.0,Beverages,Fruit juices
"Pur jus d'orange, mangue et citron vert",1 l,3.0,3.0,c,"Jafaden,Marque Rep√®re",0,"Jus d'orange (89%), pur√©e de mangue (9%), jus de citron vert (2%).",France,Sans sucre ajout√©,0.0,0.5,0.1,9.5,9.5,0.0,0.0,0.0,1.0,Beverages,Fruit juices
"Pur jus d'orange, p√™che et abricot",1 l,1.0,1.0,b,"Jafaden,Marque Rep√®re",0,"Jus d'orange (75%), pur√©e de p√™che (20%), pur√©e d'abricot (5%).",France,Sans sucre ajout√©,0.0,0.5,0.1,8.7,8.7,0.0,0.0,0.0,1.0,Beverages,Fruit juices
Pur jus d'orange,1 l,5.0,5.0,c,"Bio Village,Marque Rep√®re",UE,JUS D'ORANGE ISSU DE L'AGRICULTURE BIOLOGIQUE,France,"Bio, Bio europ√©en, Agriculture UE, FR-BIO-01, Sans sucre ajout√©, AB Agriculture Biologique ",0.0,0.5,0.1,11.0,11.0,0.0,0.0,0.0,1.0,Beverages,Fruit juices
Pur jus d'orange Bio,1 l,4.0,4.0,c,"Bio Village,Marque Rep√®re",0,"Jus d'orange* 96 %, pulpe d'orange* 4 %.",France,"Bio, Bio europ√©en, Agriculture non UE, ES-ECO-024-MU, Agriculture UE, Agriculture UE/Non UE, AB Agriculture Biologique ",0.0,0.5,0.0,11.0,10.0,0.0,0.0,0.02,1.0,Beverages,Fruit juices
Pur jus d'orange bio,6 x 20 cl,4.0,4.0,c,"Bio Village,Marque Rep√®re",0,Jus d'orange issu de l'agriculture biologique,France,"Bio, Bio europ√©en, DE-√ñKO-007, en:FSC, FSC Mix, Point Vert, Sans sucre ajout√©, AB Agriculture Biologique ",0.0,0.5,0.1,10.0,10.0,0.0,0.0,0.02,1.0,Beverages,Fruit juices
Pur jus d'orange bio avec pulpe,1 l,5.0,5.0,c,"Bio Village,Marque Rep√®re,leclerc",0,"Jus d'orange**, pulpes d'orange** 2 %. ** Ingr√©dients issus de l'agriculture biologique.",France,"Bio, Bio europ√©en, Agriculture non UE, Agriculture UE, Agriculture UE/Non UE, Point Vert, Sans sucre ajout√©, Nutriscore, Pur jus, AB Agriculture Biologique ",0.0,0.5,0.1,11.0,11.0,0.0,0.0,0.0,1.0,Beverages,Fruit juices
"100% pur jus orange, carotte, citron",1 l,1.0,1.0,b,"Bio Village,Marque Rep√®re",0,"Jus d'orange** 60 %, jus de carotte** 38,4 %, jus de citron** 1,6 %. ** Ingr√©dients issus de l'agriculture biologique.",France,"Bio, Bio europ√©en, AB Agriculture Biologique, Agriculture UE/Non UE, Sans sucre ajout√©, Nutriscore, Nutriscore B ",35.0,0.5,0.1,7.6,7.6,0.0,0.0,0.0,1.0,Beverages,Fruit juices
Pur jus orange Br√©sil,1 L,2.0,2.0,c,Grand frais,Br√©sil,jus d'orange.,France,0,42.0,0.1,0.0,9.4,8.7,0.012,0.0,0.02,1.0,Beverages,Fruit juices
Pur jus d'orange bio,0,5.0,5.0,c,Finesse des vergers,0,0,France,Bio ,49.0,0.1,0.1,11.7,11.3,0.004,0.0,0.0,0.0,Beverages,Fruit juices
Pur jus d‚Äôorange bio,0,5.0,5.0,c,Finesse Des Vergers,0,0,France,Bio ,57.0,0.15000000596046,0.0,12.5,11.800000190735,0.0,0.0,0.0,0.0,Beverages,Fruit juices
100 % pur jus orange avec pulpe,"1,75 L",5.0,5.0,c,"Auchan,L'oiseau,Auchan Production,Groupe Auchan",0,Jus d'orange avec pulpe (2 %),France,"Point Vert, Fabriqu√© en France, Pur jus, Avec Pulpe, Bien se nourrir pour mieux vivre, Eco-Emballages, Naturellement source de vitamine C",48.0,0.1,0.1,11.0,11.0,0.04,0.0,0.02,1.0,Beverages,Fruit juices
Jus d'orange 100% pur jus Naturellement riche en vitamines C,0,8.0,8.0,d,Auchan,0,0,France,0,198.0,0.20000000298023,0.050000000745058,10.60000038147,10.60000038147,0.0,0.0,0.0,0.0,Beverages,Fruit juices
Rik & Rok bio pur jus d'orange,20 cl,2.0,2.0,c,Rik & Rok,0,0,France,"Bio, Bio europ√©en, AB Agriculture Biologique, Agriculture UE/Non UE, FR-BIO-01 ",42.0,0.5,0.0,9.4,8.7,0.0,0.0,0.0,0.0,Beverages,Fruit juices
Pur jus d'orange,1 l,4.0,4.0,c,"Auchan,Auchan Bio",0,Jus d'orange biologique,France,"Bio, Bio europ√©en, Agriculture UE/Non UE, FR-BIO-01, en:FSC, AB Agriculture Biologique ",50.0,0.2,0.0,11.2,10.2,0.012,0.0,0.02,1.0,Beverages,Fruit juices
Pur jus d'orange sans pulpes,0,4.0,4.0,c,Auchan,0,0,France,0,49.0,0.2,0.0,11.1,10.0,0.004,0.0,0.0,0.0,Beverages,Fruit juices
100% pur jus d'orange,1.5 L ,2.0,2.0,c,Auchan,0,"Jus d'orange, pulpe d'orange 3%.",France,"Nutriscore, Nutriscore A",42.0,0.5,0.1,9.4,8.7,0.004,0.0,0.0,1.0,Beverages,Fruit juices
100% pur jus orange avec pulpe,1 L,2.0,2.0,c,Auchan,0,Jus d'orange avec pulpe (2%).,France,"Point Vert, Nutriscore, Nutriscore C",39.0,0.5,0.1,8.7,8.7,0.004,0.0,0.0,1.0,Beverages,Fruit juices
Pur jus orange sans pulpe,0,2.0,2.0,c,Auchan,0,0,France,0,42.0,0.5,0.0,9.3999996185303,8.6999998092651,0.003999999910593,0.0,0.0,0.0,Beverages,Fruit juices
Yaourt sur lit d'orange & jus de pamplemousse,300 g (2 * 150 g),5.0,5.0,c,"Mmm!,Auchan",0,"_Lait_ entier 64,1%, cr√®me (contient _lait_), sucre 8,6%, oranges 6,2% (pulpe et jus √† base de jus concentr√©), pamplemousse √† base de jus concentr√© 2,2%, amidon natif de manioc, √©paississant: pectine, ar√¥mes naturels, conservateur: sorbate de potassium, ferments lactiques (contient _lait_), extrait de carotte.",France,"Produit en braille, Origine France",0.0,7.0,3.9,13.0,13.0,0.04,0.0,0.0,4.0,Milk and dairy products,Milk and yogurt
100% pur jus orange,0,2.0,2.0,c,Auchan,0,0,France,0,39.0,0.5,0.1,8.7,8.7,0.004,0.0,0.0,0.0,Beverages,Fruit juices
Pur jus orange,0,3.0,3.0,c,Auchan,0,0,France,"Bio, Bio europ√©en, IT-BIO-009 ",44.0,0.5,0.1,9.9,8.7,0.004,0.0,0.0,0.0,Beverages,Fruit juices
Pur jus d'orange,20 cl,3.0,3.0,c,"Rik & Rok,Auchan",0,0,France,"Bio, Agriculture UE ",44.0,0.5,0.1,9.9,8.9,0.004,0.0,0.0,0.0,Beverages,Fruit juices
Pur jus d'orange mangue,1l,4.0,4.0,c,Auchan,0,"Jus d'orange biologique (80%), pur√©e de mangue biologique (20%).",France,"Bio, Bio europ√©en, AB Agriculture Biologique ",50.0,0.5,0.1,11.0,10.0,0.012,0.0,0.0,1.0,Beverages,Fruit juices
100% pur jus orange,1 L,4.0,4.0,c,Auchan,0,Jus d'orange.,France,"Nutriscore, Nutriscore C",44.0,0.5,0.1,10.0,9.5,0.004,0.0,0.0,1.0,Beverages,Fruit juices
Pur jus orange mangue,0,4.0,4.0,c,Auchan,0,0,France,"Bio, Bio europ√©en, Agriculture non UE, Agriculture UE, Agriculture UE/Non UE, FR-BIO-01, Point Vert ",50.0,0.5,0.1,11.0,10.0,0.012,0.0,0.0,0.0,Beverages,Fruit juices
Pur jus d'orange BIO,1 litre,4.0,4.0,c,Auchan,ue et non ue,Jus d‚Äôorange*.,France,"Bio, Bio europ√©en, FR-BIO-01 ",46.0,0.5,0.1,11.0,10.0,0.012,0.0,0.0,1.0,Beverages,Fruit juices
Pur jus d'orange,1 L,4.0,4.0,c,Auchan,0,0,France,"Bio, Bio europ√©en, AB Agriculture Biologique, Agriculture UE/Non UE, FR-BIO-01, Nutriscore, Nutriscore D ",50.0,0.5,0.1,11.0,10.0,0.012,0.0,0.0,0.0,Beverages,Fruit juices
Pur jus orange mandarine et eau de coco,0,0.0,0.0,b,Auchan,0,0,France,0,35.0,0.5,0.1,7.6,7.5,0.0,0.0,0.0,0.0,Beverages,Fruit juices
100% pur jus d'orange,0,2.0,2.0,c,Auchan,0,0,France,"Sans sucre ajout√©, Nutriscore, Nutriscore C",42.0,0.5,0.1,9.4,8.7,0.004,0.0,0.0,0.0,Beverages,Fruit juices
Jus d'orange 100% pur jus avec pulpe,1 L,2.0,2.0,c,Auchan,0,"Jus d'orange, pulpe 3%.",France,"Nutriscore, Nutriscore C",42.0,0.5,0.0,9.4,8.7,0.012,0.0,0.0,1.0,Beverages,Fruit juices
100% pur jus orange sans pulpe,0,3.0,3.0,c,Auchan,0,0,France,0,44.0,0.8,0.1,8.1,8.1,0.0,0.0,0.0,0.0,Beverages,Fruit juices
Pur jus orange,0,4.0,4.0,c,0,0,0,France,0,46.0,0.1,0.0,10.4,10.4,0.004,0.0,0.0,0.0,Beverages,Fruit juices
100% pur jus d'oranges press√©es,0,3.0,3.0,c,Andros,0,Jus d'oranges.,France,"Sans sucre ajout√©, Sans colorants, Sans conservateurs",41.0,0.1,0.0,9.1,9.1,0.004,0.0,0.0,1.0,Beverages,Fruit juices
Pur jus d'oranges bio,0,3.0,3.0,c,Andros,0,jus d'oranges issues de l'agriculture biologique.,France,Bio ,43.0,0.1,0.0,9.4,9.4,0.0,0.0,0.0,1.0,Beverages,Fruit juices
Andros jus orange press√© sans pulpe,0,3.0,3.0,c,Andros,0,0,France,0,40.0,0.1,0.0,9.1,9.1,0.004,0.0,0.0,0.0,Beverages,Fruit juices
Pur jus d'orange,25 cl,4.0,4.0,c,Charles Papillon,0,Jus d'orange blonde,France,"Sans additifs, Sans conservateurs",50.0,0.0,0.0,11.0,10.0,0.0,0.0,0.0,0.0,Beverages,Fruit juices
Pur jus d'orange,0,4.0,4.0,c,Prix Mini,0,0,France,Nutriscore C,45.0,0.5,0.1,9.3,9.3,0.004,0.0,0.0,0.0,Beverages,Fruit juices
Pur jus d'orange sans pulpe,1 L,4.0,4.0,c,Garden Fruit,0,Jus d'orange sans pulpe.,France,0,44.0,0.5,0.1,10.0,10.0,0.004,0.0,0.02,1.0,Beverages,Fruit juices
Pur jus d'orange press√© bio,0,8.0,8.0,d,0,0,0,France,"Bio, Sans sucre ajout√© ",67.0,0.15,0.0,12.5,11.8,0.06,0.0,0.0,0.0,Beverages,Fruit juices
Pur jus d'orange,0,2.0,2.0,c,0,0,0,France,Sans sucre ajout√©,41.0,0.1,0.1,9.4,8.7,0.04,0.0,0.0,0.0,Beverages,Fruit juices
Pur jus d'orange,1 l,2.0,2.0,c,Naturalia,0,Jus d‚Äôorange issu de l'agriculture biologique.,France,"Organic, EU Organic, EU Agriculture, FR-BIO-01, AB Agriculture Biologique ",40.0,0.5,0.1,8.7,8.7,0.004,0.0,0.0,0.0,Beverages,Fruit juices
Pur jus d'orange bio,0,5.0,5.0,c,Jean d'Audignac,0,0,France,Bio ,45.0,0.1,0.0,10.0,10.0,0.12,0.0,0.0,0.0,Beverages,Fruit juices
Pur jus d‚Äôorange,0,3.0,3.0,c,Jean d'Audignac,0,Jus d'orange. (origine : Costa Rica),France,0,46.0,0.5,0.1,10.0,8.0,0.008,0.0,0.0,1.0,Beverages,Unsweetened beverages
Nectar jus d'orange,6 x 20 cl,11.0,11.0,e,Tous Les Jours,0,Jus d'orange √† base de jus concentr√© 50% - eau - sucre,France,0,42.0,0.0,0.0,9.8,9.6,0.0,0.0,0.0,3.0,Beverages,Sweetened beverages
Pur jus orange bio,25 cl,2.0,2.0,c,0,0,0,France,"Bio, Bio europ√©en, AB Agriculture Biologique, Agriculture UE ",40.0,0.0,0.0,8.7,8.7,0.004,0.0,0.0,0.0,Beverages,Fruit juices
Pur jus d'orange bio,0,2.0,2.0,c,0,0,0,France,Bio ,41.0,0.1,0.0,9.4,8.7,0.012,0.0,0.0,0.0,Beverages,Fruit juices
Pur jus d'orange,25 cl,4.0,4.0,c,Marcel Bio,0,Jus d'orange issu de l'agriculture biologique,France,"Bio, Bio europ√©en, FR-BIO-01, AB Agriculture Biologique ",45.0,0.0,0.0,10.4,9.7,0.0,0.0,0.0,1.0,Beverages,Fruit juices
Pur jus d'orange,75 cl,2.0,2.0,c,Marcel bio,0,0,France,Bio ,41.0,0.1,0.0,9.4,8.7,0.012,0.0,0.0,0.0,Beverages,Fruit juices
Pur jus d'orange,25 cl,4.0,4.0,c,Marcel Bio,0,0,France,"Bio, Bio europ√©en, AB Agriculture Biologique ",45.0,0.0,0.0,10.4,9.7,0.0,0.0,0.0,0.0,Beverages,Fruit juices
Pur jus d‚Äôorange press√©,0,13.0,13.0,e,0,0,0,France,0,41.0,0.1,0.1,10.0,10.0,40.0,0.0,0.0,0.0,Beverages,Fruit juices
Pur jus orange fraise,50 cl,2.0,2.0,c,Les Fruisettes,0,"Jus d'orange (80%), pur√©e de fraise (20%).",France,0,43.0,0.1,0.0,10.0,9.0,0.008,0.0,0.0,1.0,Beverages,Fruit juices
Pur jus fra√Æchement press√© orange mangue,0,5.0,5.0,c,Les Fruisettes,0,pur√©e de mangue (20%) jus d'orange (80%),France,0,52.0,0.1,0.0,12.0,10.0,0.0,0.0,0.0,1.0,Beverages,Fruit juices
Pur jus d'orange,0,1.0,1.0,b,Natur√©o,Gr√®ce,Orange 100%,France,"Bio, Bio europ√©en, FR-BIO-01 ",34.0,0.0,0.0,8.6,8.6,0.0,0.0,0.0,1.0,Beverages,Fruit juices
Pur jus orange sans pulpe,0,2.0,2.0,c,0,0,0,France,0,39.0,0.0,0.0,9.4,8.7,0.0,0.0,0.0,0.0,Beverages,Fruit juices
Jus d'orange pur jus,75 cl,5.0,5.0,c,La Reinette Verte,0,0,France,"Bio, Bio europ√©en, AB Agriculture Biologique ",43.7,0.1,0.0,9.4,8.9,0.24,0.0,0.0,0.0,Beverages,Fruit juices
Jus d'orange pur jus,25 cl,4.0,4.0,c,La Reinette Verte,0,0,France,"Bio, Bio europ√©en ",43.0,0.0,0.0,9.4,8.9,0.24,0.0,0.0,0.0,Beverages,Fruit juices
Pur jus pomme orange,75 cl,-2.0,-2.0,b,Les Vergers de Cousancelles,0,0,France,"Bio europ√©en,AB Agriculture Biologique",34.0,0.1,0.0,8.4,4.2,0.0,0.0,0.0,0.0,Beverages,Fruit juices
Salade de fruit en jus √† l'orange et citron de Sicile,0,-3.0,-3.0,a,I.D Fruits,0,"Fruits en proportion variable 80% (pomme (dont affermissant : chlorure de calcium) 19%, ananas 17%, papaye 12%, mangue 12%), eau, sirop de sucre inverti, jus d'orange concentr√© 0.4%, jus de citron de Sicile 0,4% (√† base de concentr√©), acidifiant : acide citrique, antioxydant : acide ascorbique, conservateur : sorbate de potassium.",France,0,60.0,0.5,0.1,14.0,13.0,0.004,0.0,0.0,4.0,Fruits and vegetables,Fruits
Tropic Kiss jus d'orange,50 cl,11.0,11.0,e,Tropic kiss,0,Jus d'orange √† base de concentr√© 100%,France,"Sans colorants, 100 % fruits",41.0,0.1,0.0,7.4,7.4,0.0,0.0,0.0,1.0,Beverages,Unsweetened beverages
100% pur jus d'orange,1 L,3.0,3.0,c,Biocoop,Bassin m√©diterran√©en,Jus d'orange issu de l'agriculture biologique.,France,"Bio, Bio europ√©en, Agriculture UE, FR-BIO-01, en:FSC, AB Agriculture Biologique ",43.0,0.0,0.0,9.0,9.0,0.012,0.0,0.0,1.0,Beverages,Fruit juices
100% pur jus d‚Äôorange,6,2.0,2.0,c,Biocoop ,0,0,France,Bio ,43.0,0.0,0.0,9.0,9.0,0.012,0.0,0.0,0.0,Beverages,Fruit juices
Pur jus d'orange,74 cl,3.0,3.0,c,Tr√®s Press√©s,0,Jus d‚Äôorange,France,Bio ,46.0,0.5,0.1,10.0,8.0,0.008,0.0,0.0,1.0,Beverages,Fruit juices
Pur jus orange biologique,0,3.0,3.0,c,0,0,0,France,"Bio, Point Vert ",44.0,0.5,0.1,10.0,8.0,0.008,0.0,0.0,0.0,Beverages,Fruit juices
Pur jus d'orange Bio,0,2.0,2.0,c,Force Bio,0,"Pur jus d orange avec pulpe (3,5%) issu de l agriculture biologique sans additifs et sans conservateur",France,"Bio, Sans additifs, Sans conservateurs ",42.0,0.5,0.1,8.7,8.7,0.0,0.0,0.0,1.0,Beverages,Fruit juices
Force Bio pur jus d'orange sanguine frais,0,2.0,2.0,c,Force bio,0,0,France,"Bio, Bio europ√©en, AB Agriculture Biologique, Sans additifs, Sans conservateurs ",39.0,0.5,0.10000000149012,8.6999998092651,8.6999998092651,0.003999999910593,0.0,0.0,0.0,Beverages,Fruit juices
Pur jus orange,0,3.0,3.0,c,0,0,0,France,0,42.0,0.0,0.0,10.4,10.1,0.02,0.0,0.0,0.0,Beverages,Fruit juices
Pur jus  orange bio,3 L,4.0,4.0,c,Les F√©es Bio,0,Pur Jus d'orange*. *Produit issu de l'agriculture biologique.,France,"Bio, Ecocert, Bio europ√©en, AB Agriculture Biologique, Agriculture UE, FR-BIO-01, Sans sucre ajout√©, Sans colorants, Sans conservateurs, Riche en vitamine C, en:er-bio-10 ",46.0,0.1,0.0,11.0,10.0,0.004,0.0,0.0,1.0,Beverages,Fruit juices
Pur jus d'orange bio,20cL,4.0,4.0,c,Les F√©es Bio,0,Jus d'orange*. *Produit issu de l'agriculture biologique.,France,"Bio, Bio europ√©en, Agriculture UE, FR-BIO-01, FR-BIO-10, AB Agriculture Biologique ",46.0,0.1,0.0,11.0,10.0,0.004,0.0,0.0,1.0,Beverages,Fruit juices
Pur jus d'orange Bio,1l,4.0,4.0,c,Les F√©es bio,0,Jus d'orange* *produit issu de l'agriculture biologique,France,"Bio, Bio europ√©en, AB Agriculture Biologique, FR-BIO-01 ",46.0,0.1,0.0,11.0,10.0,0.0,0.0,0.0,1.0,Beverages,Fruit juices
Pur jus d'orange bio,3L,4.0,4.0,c,Piaf,0,Jus d'orange* *Produit issu de l'agricuture biologique,France,"Bio, Bio europ√©en, AB Agriculture Biologique, FR-BIO-01, Sans colorants, Sans conservateurs ",46.0,0.1,0.0,11.0,10.0,0.004,0.0,0.0,0.0,Beverages,Fruit juices
Pur jus orange,1,2.0,2.0,c,Cidou,0,0,France,0,41.0,0.5,0.0,9.3999996185303,8.6999998092651,0.0119999997317792,0.0,0.0,0.0,Beverages,Fruit juices
Pur jus orange,0,2.0,2.0,c,Cidou,0,0,France,0,41.0,0.5,0.0,9.4,8.7,0.012,0.0,0.0,0.0,Beverages,Fruit juices
Pur jus douceur d'orange,0,4.0,4.0,c,Cidou,0,0,France,"Bio, Bio europ√©en, AB Agriculture Biologique ",46.0,0.1,0.0,11.0,10.0,0.012,0.0,0.0,0.0,Beverages,Fruit juices
Pur jus bio orange mandarine,340 g (2 * 170 g),4.0,4.0,c,"Cidou,Casino",0,"_Lait_ entier, sucre 45%.",France,"Bio, Bio europ√©en, Agriculture UE/Non UE, FR-BIO-01 ",46.0,0.1,0.0,10.0,10.0,0.0,0.0,0.0,3.0,Beverages,Sweetened beverages
Pur jus d'orange,0,4.0,4.0,c,S√©lection des Comptoirs,0,0,France,"Bio, Bio europ√©en, Sans sucre ajout√© ",45.0,0.5,0.1,11.0,10.0,0.004,0.0,0.0,0.0,Beverages,Fruit juices
Pur jus d'orange blonde,0,4.0,4.0,c,Les Toques Blanches du Monde,0,0,France,0,50.0,0.1,0.0,11.0,10.0,0.04,0.0,0.0,0.0,Beverages,Fruit juices
Pur jus d'orange,25 cl,5.0,5.0,c,Elikatxo,0,Jus d'orange.,France,0,46.0,0.0,0.0,11.0,11.0,0.0,0.0,0.0,1.0,Beverages,Fruit juices
Pur jus d'orange,1 L,5.0,5.0,c,Elikatxo,0,Jus d'orange.,France,0,46.0,0.0,0.0,11.0,11.0,0.0,0.0,0.0,1.0,Beverages,Fruit juices
Pur jus orange,25 cl,4.0,4.0,c,Interlude Ard√©chois,Br√©sil,Pur jus d'Oranges (Br√©sil).,France,0,45.0,0.11,0.053,9.58,9.58,0.0016,0.0,0.0,1.0,Beverages,Fruit juices
Pur jus orange,0,2.0,2.0,c,0,0,0,France,0,42.0,0.1,0.0,9.4,8.7,0.004,0.0,0.0,0.0,Beverages,Fruit juices
Frescu Frescu pur jus orange press√©es,0.25 l,3.0,3.0,c,Frescu Frescu,France,100% pur jus d'oranges BlO,France,"Bio, Bio europ√©en, AB Agriculture Biologique ",43.0,0.1,0.0,9.3,9.3,0.0012,0.0,0.0,0.0,Beverages,Fruit juices
Pur jus d‚Äôorange bio,200ml,3.0,3.0,c,Zenat,"Br√©sil,M√©xique",Orange 100%,France,"Bio, Bio europ√©en, AB Agriculture Biologique ",43.0,0.2,0.04,9.0,9.0,0.001,0.0,0.0,1.0,Beverages,Fruit juices
jus d'orange,0,2.0,2.0,c,Voelkel,0,jus d'orange* issu de l'agriculture biologique et bio-dynamique,France,"Bio, V√©g√©tarien, Bio europ√©en, Agriculture non UE, V√©g√©talien, Bio-dynamie, DE-√ñKO-007, Demeter, Agriculture UE, Agriculture UE/Non UE, Fabriqu√© en Allemagne ",43.0,0.2,0.0,9.0,9.0,0.0,0.0,0.0,0.0,Beverages,Fruit juices
Pur jus d'orange,1 Litre,3.0,3.0,c,Eismann,0,0,France,0,45.0,0.5,0.5,11.0,8.0,0.04,0.0,0.0,0.0,Beverages,Fruit juices
jus d'orange 100% sans pulpe,0,2.0,2.0,c,Solevita,0,0,France,0,42.0,0.1,0.1,9.0,9.0,0.008,0.0,0.0,0.0,Beverages,Fruit juices
Bio pur jus orange,1L,3.0,3.0,c,"Solevita,Lidl",0,Jus d'orange biologique pasteuris√©,France,Bio ,44.0,0.2,0.1,9.0,9.0,0.004,0.0,0.0,1.0,Beverages,Fruit juices
jus d'orange,0,2.0,2.0,c,Innocent,0,0,France,0,38.0,0.0,0.0,8.2,8.2,0.0,0.0,0.0,0.0,Beverages,Fruit juices
"pur jus de 3 fruits press√©s orange, pamplemousse rose & orange sanguine",900ml,3.0,3.0,c,Innocent,0,"oranges press√©es 86%, pamplemousse press√© 8%, orange sanguine press√©e 6%",France,0,0.0,0.2,0.2,9.5,8.5,0.0,0.0,0.031,1.0,Beverages,Fruit juices
Innocent jus d'orange & kiwi 900ml,900 ml,3.0,3.0,c,innocent,0,"oranges 80%, kiwis 15%, pomme 5%, extraits de potiron et spiruline, vitamine C",France,"en:FSC, en:fsc-c095196, FSC Mix ",46.1,0.0,0.0,10.0,8.2,0.0,0.0,0.028,1.0,Beverages,Fruit juices
Innocent jus d'orange avec pulpe 900ml,900ml,2.0,2.0,c,Innocent,0,oranges press√©es.,France,"Peu ou pas de sucre, en:FSC, en:fsc-c095196, FSC Mix, Sans sucre ajout√© ",36.0,0.0,0.0,7.8,7.8,0.0,0.0,0.025,1.0,Beverages,Fruit juices
Innocent pur jus d'orange press√© sans pulpe,0,2.0,2.0,c,Innocent,0,0,France,0,36.0,0.0,0.0,7.8,7.8,0.0,0.0,0.0,0.0,Beverages,Fruit juices
Pur jus d'orange flash pasteuris√© r√©frig√©r√©,1l,5.0,5.0,c,Winny,0,"Jus d'orange, flash pasteuris√©, r√©frig√©r√©.",France,"en:European Fruit Juice Control System, Sans colorants, Sans conservateurs ",0.0,0.0,0.0,11.0,11.0,0.0,0.0,0.0,0.0,Beverages,Fruit juices
100% pur jus orange avec pulpe,200 ml,4.0,4.0,c,Tropicana,0,Jus d'orange avec pulpe,France,0,48.0,0.0,0.0,10.0,10.0,0.0,0.0,0.032,1.0,Beverages,Fruit juices
Bionina - Boisson gazeuse au jus d'orange,330 ml,15.0,15.0,e,Bionina,0,"Eau min√©rale naturelle gaz√©ifi√©e, jus d'orange sanguine (12 %) concentr√©*, sucre de canne*, acidifiant : acide citrique, jus de carotte noire*, ar√¥me naturel d'orange sanguine*.",France,"Bio, Bio europ√©en, Agriculture UE/Non UE, IT-BIO-008, Fabriqu√© en Italie ",48.0,0.0,0.0,12.0,12.0,0.01016,0.0,0.0,3.0,Beverages,Sweetened beverages
Samba jus d‚Äôorange frais,0,19.0,19.0,e,Grosbuch,0,Orange 100%,France,Sans sucre ajout√©,93.0,0.52,0.01,16.64,16.64,3.896,0.0,0.0,1.0,Beverages,Unsweetened beverages
100% pur jus orange press√©e,0,5.0,5.0,c,0,0,0,France,"Sans sucre ajout√©, Sans colorants, Sans conservateurs",49.0,0.1,0.0,11.0,11.0,0.0,0.0,0.0,0.0,Beverages,Fruit juices
Pur jus d‚Äôorange,0,2.0,2.0,c,0,0,0,France,0,39.0,1.0,1.0,9.4,8.7,0.0,0.0,0.0,0.0,Beverages,Fruit juices
Pur jus d'orange fra√Æchement press√©es,0,-3.0,-3.0,b,0,0,0,France,0,48.0,0.2,0.0,9.8,0.0,0.0,0.0,0.0,0.0,Beverages,Fruit juices
Momenti - Boisson gazeuse avec jus d'orange sanguine,33 cl,0.0,0.0,b,SANPELLEGRINO,0,"Eau, jus d‚Äôorange sanguine √† base de concentr√© 6%, sucre, dioxyde de carbone, extrait de fleur d‚Äôoranger 0,1%, ar√¥mes naturels, concentr√© de carotte, acidifiant : acide citrique, concentr√© de pomme, concentr√© de cassis",France,0,10.0,0.0,0.0,23.0,2.2,0.0,0.0,0.0,4.0,unknown,unknown
Orange - 8% de jus d'orange,"1,5 l",17.0,17.0,e,Kas,0,"Eau gaz√©ifi√©e, sucre, jus d'orange √† base de concentr√© 8 %, acidifiant (acide citrique), stabilisants (gomme arabique, esters glyc√©riques de r√©sine de bois), ar√¥mes naturels, antioxydant (acide ascorbique), conservateur (sorbate de potassium), colorant (beta-carot√®ne).",France,0,51.0,0.0,0.0,12.6,12.6,0.0,0.0,0.0,4.0,Beverages,Sweetened beverages
Pur jus d'orange,0,4.0,4.0,c,Bouquet Bio,0,Oranges (100%),France,"Bio, en:gluten-free ",45.0,0.2,0.1,10.1,9.6,0.04,0.0,0.0,1.0,Beverages,Fruit juices
Jus d'orange BIO  100% pur jus,0,0.0,0.0,b,Casa Amella,0,0,France,Bio ,39.0,0.0,0.0,9.2,8.0,0.0,0.0,0.0,0.0,Beverages,Fruit juices
Pur jus d'orange,2 l,4.0,4.0,c,Dia,0,Jus d'Orange.,France,Fabriqu√© en France,0.0,0.1,0.0,11.0,10.5,0.016,0.0,0.02,1.0,Beverages,Fruit juices
Pur jus d'orange Bio,1 L,2.0,2.0,c,Dia,0,Jus d'orange issu de l'agriculture biologique.,France,"Bio, Bio europ√©en, AB Agriculture Biologique, FR-BIO-01 ",0.0,0.1,0.1,9.0,9.0,0.0119888,0.0,0.0,1.0,Beverages,Fruit juices
100% pur jus d orange sans pulpe,0,3.0,3.0,c,0,0,0,France,Sans sucre ajout√©,39.0,0.5,0.1,9.5,9.5,0.004,0.0,0.0,0.0,Beverages,Fruit juices
jus fraise orange,"1,5 l",8.0,8.0,c,je sais pad,0,0,France,0,16.0,10.0,6.0,23.0,22.0,0.4,0.0,0.0,0.0,unknown,unknown
Pur jus d‚Äôorange press√©,0,4.0,4.0,c,Fruisy,0,jus d'orange (100 0%).,France,0,47.0,0.1,0.0,10.8,9.3,0.0,0.0,0.0,1.0,Beverages,Fruit juices
